Concentration,Seed,NumSamples,MaxIters,MaxCats,Converged,ARI,NumCats,NumBigCats,Means,Weights,Covs,NumLargeWeights,CategoryCounts,NumNasalSplits,NumHighSplits,NumLowSplits
1.6e-07,0,250,1000,6,True,0.7865709147859277,4,4,[3.99855797 1.06046082] [0.98926302 4.01147802] [1.01119263 1.01932083] [3.980736   4.07483084],[2.47824529e-01 2.56067481e-01 2.28926798e-01 2.67181192e-01 1.58716290e-10 2.53946027e-17],[[0.8333401  0.07516186]  [0.07516186 0.71976246]] [[0.71232914 0.06918601]  [0.06918601 0.81555269]] [[0.74156287 0.09819768]  [0.09819768 0.592934  ]] [[0.85664428 0.10672268]  [0.10672268 0.8512235 ]],4,"{0: 250, 1: 249, 2: 234, 3: 267, 4: 0, 5: 0}",2,1,1
1.6e-07,1,250,1000,6,True,0.8774953333084698,5,4,[1.05429123 1.04977737] [2.45967609 5.03047919] [4.04277064 1.05168065] [4.05194298 4.04960581] [1.06030598 4.04720845],[0.25358883 0.00107103 0.00570859 0.25281473 0.2418964  0.24492042],[[0.57158407 0.12112766]  [0.12112766 0.69634172]] [[ 1.81092634 -0.10838976]  [-0.10838976  4.00786754]] [[0.56521027 0.11476073]  [0.11476073 0.70621931]] [[0.55794642 0.12498279]  [0.12498279 0.60840499]] [[0.56463945 0.09284993]  [0.09284993 0.63908981]],6,"{0: 248, 1: 0, 2: 3, 3: 250, 4: 249, 5: 250}",4,3,1
1.6e-07,2,250,1000,6,True,0.7347092193392649,4,4,[1.01009968 0.80072509] [3.98060983 3.84432794] [3.98562293 0.84990026] [0.98597201 3.77893944],[0.21391992 0.27564004 0.00106917 0.24788224 0.00106435 0.26042429],[[0.71175062 0.13969191]  [0.13969191 0.61837206]] [[0.90405329 0.09261342]  [0.09261342 0.77724018]] [[0.91685515 0.09756637]  [0.09756637 0.60176927]] [[0.74769327 0.09801482]  [0.09801482 0.98765287]],6,"{0: 223, 1: 268, 2: 0, 3: 246, 4: 0, 5: 263}",2,1,1
1.6e-07,3,250,1000,6,True,0.7845925013818739,4,4,[3.8007957  4.03722412] [3.75959657 1.08186739] [0.85459809 4.04467604] [0.78814311 1.03250025],[2.59317993e-01 2.87503002e-01 1.07057565e-03 2.37866717e-01 2.14241711e-01 1.58190870e-10],[[0.94687022 0.23895584]  [0.23895584 0.70500696]] [[1.02258302 0.17745209]  [0.17745209 0.83076613]] [[0.73523282 0.21651525]  [0.21651525 0.83303393]] [[0.59440639 0.19654832]  [0.19654832 0.73256566]],5,"{0: 255, 1: 282, 2: 0, 3: 241, 4: 222, 5: 0}",2,1,1
1.6e-07,4,250,1000,6,True,0.7962565531545466,4,4,[0.95634294 0.95584217] [3.98644625 3.97412741] [0.9429924  3.92591498] [3.97165627 0.97249155],[2.42901040e-01 2.57845539e-01 2.48040090e-01 2.51213331e-01 1.58682202e-10 2.53891486e-17],[[0.67511672 0.16339522]  [0.16339522 0.78436443]] [[0.73903273 0.16638804]  [0.16638804 0.83892738]] [[0.64252642 0.14541596]  [0.14541596 0.84357795]] [[0.76478372 0.15079973]  [0.15079973 0.77701171]],4,"{0: 243, 1: 258, 2: 249, 3: 250, 4: 0, 5: 0}",2,1,1
1.6e-07,5,250,1000,6,True,0.7922292596893383,4,4,[4.07286394 3.92912039] [1.08942924 0.94773816] [1.08545408 3.92457229] [4.06820518 0.96200174],[2.50914301e-01 2.58300126e-01 2.69096218e-01 2.21689355e-01 1.58591162e-10 2.53745822e-17],[[0.59365111 0.01991587]  [0.01991587 0.87143   ]] [[0.80907534 0.02899087]  [0.02899087 0.68854933]] [[0.73280596 0.00781255]  [0.00781255 0.78957797]] [[0.56590329 0.00393199]  [0.00393199 0.68744322]],4,"{0: 249, 1: 257, 2: 269, 3: 225, 4: 0, 5: 0}",2,1,1
1.6e-07,6,250,1000,6,True,0.756691676255006,4,4,[3.95580128 4.01949044] [0.97805483 4.00196884] [3.9549509  1.04766857] [0.97803816 1.04086366],[0.26000673 0.00107369 0.2366558  0.25079383 0.00106361 0.25040634],[[0.94782544 0.0471303 ]  [0.0471303  0.7448541 ]] [[0.80214707 0.025796  ]  [0.025796   0.69291302]] [[0.93671315 0.04430485]  [0.04430485 0.71435819]] [[0.93379316 0.06306771]  [0.06306771 0.7833173 ]],6,"{0: 253, 1: 0, 2: 241, 3: 250, 4: 0, 5: 256}",2,1,1
1.6e-07,7,250,1000,6,True,0.8441204878839599,4,4,[1.15231351 0.98896366] [4.16486083 3.95387266] [1.17167539 3.96648529] [4.14168809 0.97210263],[2.56909638e-01 2.47491745e-01 2.45385427e-01 2.50213189e-01 1.58673455e-10 2.53877491e-17],[[0.68449287 0.07921923]  [0.07921923 0.71606329]] [[0.68505916 0.09994426]  [0.09994426 0.66107778]] [[0.68667584 0.06722525]  [0.06722525 0.62570745]] [[0.67177214 0.0731989 ]  [0.0731989  0.68519334]],4,"{0: 257, 1: 249, 2: 244, 3: 250, 4: 0, 5: 0}",2,1,1
1.6e-07,8,250,1000,6,True,0.7842167821225817,4,4,[0.95571119 4.0388604 ] [3.93542317 1.06178813] [3.94917436 4.02662289] [0.94955085 1.08906114],[2.36095728e-01 2.55037722e-01 2.58065823e-01 2.50800726e-01 1.58688978e-10 2.53902328e-17],[[0.65663191 0.04191801]  [0.04191801 0.8336595 ]] [[0.76149688 0.06705867]  [0.06705867 0.86824071]] [[0.79242321 0.07090532]  [0.07090532 0.88733179]] [[0.70113621 0.0766519 ]  [0.0766519  0.94497085]],4,"{0: 239, 1: 252, 2: 259, 3: 250, 4: 0, 5: 0}",2,1,1
1.6e-07,9,250,1000,6,True,0.7634177355009089,4,4,[1.00958532 4.21946049] [4.0289558  1.25998651] [4.00136668 4.24881534] [1.01299904 1.21173785],[2.34817464e-01 2.75813182e-01 2.19961341e-01 2.69408012e-01 1.58720349e-10 2.53952521e-17],[[0.7414025  0.06735065]  [0.06735065 0.68049407]] [[0.66639257 0.07523105]  [0.07523105 1.054264  ]] [[0.70178774 0.10503573]  [0.10503573 0.67401203]] [[0.65278308 0.07705917]  [0.07705917 0.95003621]],4,"{0: 231, 1: 273, 2: 225, 3: 271, 4: 0, 5: 0}",2,1,1
1.6e-07,10,250,1000,6,True,0.7817479898782322,4,4,[3.98196962 1.04808042] [1.01298364 1.06712701] [3.98580267 4.01630366] [1.01615429 4.02622714],[0.00107712 0.25879862 0.22410387 0.29040003 0.00106463 0.22455573],[[0.90887006 0.00449349]  [0.00449349 0.67423888]] [[ 0.61328543 -0.00363285]  [-0.00363285  0.73843124]] [[0.98846213 0.02138591]  [0.02138591 0.85803707]] [[ 0.57098491 -0.03233265]  [-0.03233265  0.78626644]],6,"{0: 0, 1: 254, 2: 228, 3: 284, 4: 0, 5: 234}",2,1,1
1.6e-07,11,250,1000,6,True,0.8006503526187358,4,4,[4.05132255 3.91146127] [1.01836741 0.91583451] [1.06684154 3.91717833] [4.01456436 0.92297373],[2.42281635e-01 2.48708396e-01 2.77814486e-01 2.31195482e-01 1.58634187e-10 2.53814662e-17],[[0.60945049 0.08700261]  [0.08700261 0.78828094]] [[0.74324339 0.04959225]  [0.04959225 0.60951684]] [[0.85857086 0.03257842]  [0.03257842 0.77125951]] [[0.60627666 0.05819255]  [0.05819255 0.66989939]],4,"{0: 243, 1: 249, 2: 275, 3: 233, 4: 0, 5: 0}",2,1,1
1.6e-07,12,250,1000,6,True,0.7939540934750948,4,4,[3.86029413 3.96450322] [0.89543263 0.98832281] [0.89000956 3.9956942 ] [3.86371941 0.95081821],[2.84619912e-01 2.32515346e-01 1.06947544e-03 2.31057431e-01 2.50737836e-01 1.58332321e-10],[[ 0.89384593 -0.0467346 ]  [-0.0467346   0.82779181]] [[ 0.62723461 -0.04775073]  [-0.04775073  0.64810815]] [[ 0.59002093 -0.06698121]  [-0.06698121  0.67483748]] [[ 0.8344231  -0.05897687]  [-0.05897687  0.59546364]],5,"{0: 277, 1: 234, 2: 0, 3: 234, 4: 255, 5: 0}",2,1,1
1.6e-07,13,250,1000,6,True,0.7517998813725025,4,4,[1.02143537 3.97401224] [3.91133711 0.96528538] [4.00075158 4.05108393] [0.98782557 1.0175891 ],[2.66854073e-01 2.81988557e-01 2.15849700e-01 2.35307669e-01 1.58599504e-10 2.53759169e-17],[[0.90524044 0.23729071]  [0.23729071 0.86904016]] [[1.01623902 0.37656872]  [0.37656872 1.11155718]] [[0.67218998 0.25882345]  [0.25882345 0.66571649]] [[0.80158254 0.30165728]  [0.30165728 0.66736455]],4,"{0: 258, 1: 275, 2: 222, 3: 245, 4: 0, 5: 0}",2,1,1
1.6e-07,14,250,1000,6,True,0.8226805739466848,4,4,[3.81033686 1.00088844] [0.94562701 3.98854608] [0.84003408 1.01869326] [3.92620328 3.98249652],[2.68244796e-01 2.47200360e-01 2.40366790e-01 1.06523089e-03 2.43122823e-01 1.58003027e-10],[[0.76111518 0.06814957]  [0.06814957 0.85079072]] [[0.63950943 0.04349802]  [0.04349802 0.77491949]] [[0.56470531 0.09596066]  [0.09596066 0.84791045]] [[0.64126641 0.05654726]  [0.05654726 0.76920255]],5,"{0: 264, 1: 248, 2: 242, 3: 0, 4: 246, 5: 0}",2,1,1
1.6e-07,15,250,1000,6,True,0.7786802500801154,4,4,[0.82897224 3.88834236] [3.75624192 0.97538157] [3.78744184 3.95076408] [0.79674221 0.91897392],[2.40732524e-01 2.66488518e-01 2.82514239e-01 2.10264719e-01 1.58556752e-10 2.53690765e-17],[[0.71993187 0.00696761]  [0.00696761 0.75719484]] [[1.09533141 0.02259434]  [0.02259434 0.59061332]] [[1.03149263 0.03181069]  [0.03181069 0.72226087]] [[0.75666012 0.03510503]  [0.03510503 0.55706668]],4,"{0: 241, 1: 263, 2: 284, 3: 212, 4: 0, 5: 0}",2,1,1
1.6e-07,16,250,1000,6,True,0.8035084467796608,4,4,[0.99462085 1.0404641 ] [4.0276282  4.00711478] [3.97599516 1.04526388] [1.06232967 4.03012869],[0.0010746  0.00107518 0.23615931 0.25062645 0.25983572 0.25122874],[[0.6772147  0.13659616]  [0.13659616 0.74168405]] [[0.79528019 0.15306316]  [0.15306316 0.76148381]] [[0.84026985 0.11263294]  [0.11263294 0.75587334]] [[0.81351393 0.13636975]  [0.13636975 0.78910696]],6,"{0: 0, 1: 0, 2: 237, 3: 250, 4: 262, 5: 251}",2,1,1
1.6e-07,17,250,1000,6,True,0.8200000694773649,5,4,[4.06110185 1.08146687] [0.08671163 1.95832567] [1.07905393 1.06493471] [1.06070704 4.03570779] [4.04311725 4.06204045],[2.48735617e-01 4.28179117e-03 2.37175016e-01 2.57579645e-01 2.52227931e-01 1.58479210e-10],[[0.72446485 0.09950279]  [0.09950279 0.80169273]] [[4.51325627 0.98512804]  [0.98512804 2.06183657]] [[0.66860616 0.1018746 ]  [0.1018746  0.73496048]] [[0.63739354 0.06958166]  [0.06958166 0.88714222]] [[0.65241138 0.10419437]  [0.10419437 0.86015881]],5,"{0: 250, 1: 2, 2: 240, 3: 252, 4: 256, 5: 0}",4,1,3
1.6e-07,18,250,1000,6,True,0.752274448258639,4,4,[1.06541889 3.90009997] [4.11189432 1.06164311] [4.07890025 4.00943578] [1.09819553 0.95328856],[0.26896066 0.25192541 0.22406785 0.00106617 0.00106152 0.2529184 ],[[0.93230219 0.09224433]  [0.09224433 0.91230982]] [[0.70849624 0.08041045]  [0.08041045 0.94202693]] [[0.68687247 0.09312494]  [0.09312494 0.747662  ]] [[0.88691779 0.1205498 ]  [0.1205498  0.85479286]],6,"{0: 270, 1: 249, 2: 224, 3: 0, 4: 0, 5: 257}",2,1,1
1.6e-07,19,250,1000,6,True,0.8106399846818904,4,4,[1.09327717 4.06957438] [1.05041409 1.08681606] [4.05879075 4.08288749] [4.02082748 1.10904186],[1.07531792e-03 2.56310571e-01 2.55987251e-01 2.33910152e-01 2.52716709e-01 1.58516322e-10],[[0.83877724 0.11521999]  [0.11521999 0.68667943]] [[0.77736882 0.13471677]  [0.13471677 0.73651625]] [[0.71058054 0.13330065]  [0.13330065 0.66801178]] [[0.74675511 0.10976688]  [0.10976688 0.76019144]],5,"{0: 0, 1: 255, 2: 260, 3: 235, 4: 250, 5: 0}",2,1,1
0.16666666666666666,0,250,1000,6,True,0.7865709147859277,4,4,[3.9985457  1.06052827] [0.98933313 4.01147461] [1.01118696 1.01931777] [3.98081579 4.07490634],[2.47796480e-01 2.56038434e-01 2.28888726e-01 2.67114295e-01 1.41809080e-04 2.02556772e-05],[[0.83334748 0.07514832]  [0.07514832 0.71983521]] [[0.71240782 0.06918146]  [0.06918146 0.8155531 ]] [[0.74156    0.09819321]  [0.09819321 0.59293487]] [[0.85655168 0.10670731]  [0.10670731 0.85113326]],4,"{0: 250, 1: 249, 2: 234, 3: 267, 4: 0, 5: 0}",2,1,1
0.16666666666666666,1,250,1000,6,True,0.8774953333084698,5,4,[1.05429103 1.04977537] [2.45968507 5.03053547] [4.04277025 1.05167997] [4.05194316 4.04960559] [1.06030701 4.04720738],[0.25358803 0.00107103 0.00570802 0.2528145  0.24189662 0.24492181],[[0.57158371 0.1211277 ]  [0.1211277  0.69633912]] [[ 1.81090961 -0.10837695]  [-0.10837695  4.00795292]] [[0.56521068 0.11476064]  [0.11476064 0.70621852]] [[0.55794627 0.12498235]  [0.12498235 0.60840676]] [[0.56464094 0.09285023]  [0.09285023 0.63909501]],6,"{0: 248, 1: 0, 2: 3, 3: 250, 4: 249, 5: 250}",4,3,1
0.16666666666666666,2,250,1000,6,True,0.7347092193392649,4,4,[1.0101001  0.80072121] [3.98061569 3.84432777] [3.98562345 0.84990015] [0.98597726 3.77893512],[0.21391883 0.27563854 0.00106917 0.24788201 0.00106437 0.26042708],[[0.71175124 0.13969209]  [0.13969209 0.61836815]] [[0.90404568 0.09261375]  [0.09261375 0.77723964]] [[0.91685455 0.09756648]  [0.09756648 0.60176927]] [[0.74769865 0.09801519]  [0.09801519 0.98765938]],6,"{0: 223, 1: 268, 2: 0, 3: 246, 4: 0, 5: 263}",2,1,1
0.16666666666666666,3,250,1000,6,True,0.7845925013818739,4,4,[3.80080455 4.03719889] [3.75963994 1.08183565] [0.85460807 4.0446763 ] [0.78817879 1.03250909],[2.59283988e-01 2.87450421e-01 1.07042480e-03 2.37834803e-01 2.14219017e-01 1.41346385e-04],[[0.94685291 0.23895824]  [0.23895824 0.70503707]] [[1.02252692 0.17746279]  [0.17746279 0.83073088]] [[0.73524232 0.21651302]  [0.21651302 0.83303053]] [[0.59444239 0.19655729]  [0.19655729 0.73257195]],5,"{0: 255, 1: 282, 2: 0, 3: 241, 4: 222, 5: 0}",2,1,1
0.16666666666666666,4,250,1000,6,True,0.7962565531545466,4,4,[0.95638963 0.95582538] [3.98645693 3.97407834] [0.94300363 3.92590772] [3.97171465 0.97244746],[2.42869586e-01 2.57811158e-01 2.48002142e-01 2.51155084e-01 1.41778665e-04 2.02513331e-05],[[0.67517748 0.16337528]  [0.16337528 0.78435414]] [[0.73902316 0.16638166]  [0.16638166 0.83898898]] [[0.64252921 0.14540579]  [0.14540579 0.84358062]] [[0.76469592 0.15078025]  [0.15078025 0.77694367]],4,"{0: 243, 1: 258, 2: 249, 3: 250, 4: 0, 5: 0}",2,1,1
0.16666666666666666,5,250,1000,6,True,0.7922292596893383,4,4,[4.07285383 3.92912802] [1.08942301 0.9477532 ] [1.08544271 3.92458847] [4.06820004 0.96200817],[2.50874199e-01 2.58260002e-01 2.69047799e-01 2.21656060e-01 1.41699407e-04 2.02399682e-05],[[0.59366326 0.0199146 ]  [0.0199146  0.87142035]] [[0.80906589 0.0289901 ]  [0.0289901  0.68856696]] [[0.73279091 0.00781102]  [0.00781102 0.78955637]] [[0.56590793 0.00393144]  [0.00393144 0.68744946]],4,"{0: 249, 1: 257, 2: 269, 3: 225, 4: 0, 5: 0}",2,1,1
0.16666666666666666,6,250,1000,6,True,0.756691676255006,4,4,[3.95580156 4.01949738] [0.97805624 4.00198724] [3.95499061 1.04767865] [0.97807689 1.04087999],[0.26000492 0.00107349 0.23665251 0.25078822 0.00106361 0.25041724],[[0.9478256  0.04713029]  [0.04713029 0.74484647]] [[0.80214567 0.02579424]  [0.02579424 0.6928912 ]] [[0.93666621 0.04430067]  [0.04430067 0.71436667]] [[0.9338393  0.06306314]  [0.06306314 0.78333869]],6,"{0: 253, 1: 0, 2: 241, 3: 250, 4: 0, 5: 256}",2,1,1
0.16666666666666666,7,250,1000,6,True,0.8441204878839599,4,4,[1.1523197  0.98895802] [4.16486304 3.95386063] [1.17167805 3.96648043] [4.14169706 0.97208885],[2.56868058e-01 2.47453106e-01 2.45346959e-01 2.50169854e-01 1.41772901e-04 2.02504639e-05],[[0.68449983 0.07921895]  [0.07921895 0.71605475]] [[0.68505472 0.09994526]  [0.09994526 0.66109189]] [[0.68667809 0.06722463]  [0.06722463 0.62571211]] [[0.6717608  0.07320068]  [0.07320068 0.68517622]],4,"{0: 257, 1: 249, 2: 244, 3: 250, 4: 0, 5: 0}",2,1,1
0.16666666666666666,8,250,1000,6,True,0.7842167821225817,4,4,[0.95570538 4.03883584] [3.93541064 1.06178721] [3.94916926 4.02662334] [0.94953877 1.08903353],[2.36060834e-01 2.54998393e-01 2.58024674e-01 2.50754059e-01 1.41787644e-04 2.02525494e-05],[[0.65662737 0.04192015]  [0.04192015 0.83368484]] [[0.76151266 0.06706061]  [0.06706061 0.86824196]] [[0.79242936 0.07090613]  [0.07090613 0.88733009]] [[0.70112039 0.0766546 ]  [0.0766546  0.94493252]],4,"{0: 239, 1: 252, 2: 259, 3: 250, 4: 0, 5: 0}",2,1,1
0.16666666666666666,9,250,1000,6,True,0.7634177355009089,4,4,[1.00991076 4.219479  ] [4.02914998 1.26010476] [4.00164737 4.24890351] [1.0131645  1.21174667],[2.34827992e-01 2.75756711e-01 2.19858247e-01 2.69394980e-01 1.41813464e-04 2.02562880e-05],[[0.74180737 0.06736453]  [0.06736453 0.68046915]] [[0.66622054 0.07530385]  [0.07530385 1.05448525]] [[0.7013716  0.10510371]  [0.10510371 0.67393746]] [[0.65299963 0.07706738]  [0.07706738 0.9500029 ]],4,"{0: 231, 1: 273, 2: 225, 3: 271, 4: 0, 5: 0}",2,1,1
0.16666666666666666,10,250,1000,6,True,0.7817479898782322,4,4,[3.98197005 1.04807937] [1.01298433 1.06711979] [3.98580814 4.01630233] [1.0161587  4.02621995],[0.00107708 0.25879779 0.22410252 0.2903991  0.00106463 0.22455889],[[0.90886927 0.00449303]  [0.00449303 0.67423766]] [[ 0.61328592 -0.00363277]  [-0.00363277  0.73842278]] [[0.98845449 0.0213857 ]  [0.0213857  0.85803922]] [[ 0.57098961 -0.03233237]  [-0.03233237  0.78627461]],6,"{0: 0, 1: 254, 2: 228, 3: 284, 4: 0, 5: 234}",2,1,1
0.16666666666666666,11,250,1000,6,True,0.8006503526187358,4,4,[4.05133549 3.91144359] [1.01837436 0.91583103] [1.06685013 3.91717485] [4.01456642 0.92295514],[2.42243869e-01 2.48668787e-01 2.77771096e-01 2.31154264e-01 1.41737839e-04 2.02454565e-05],[[0.60944278 0.08699163]  [0.08699163 0.78830586]] [[0.74325403 0.04958917]  [0.04958917 0.60951411]] [[0.85858005 0.03257454]  [0.03257454 0.77126036]] [[0.60626558 0.05818235]  [0.05818235 0.66987534]],4,"{0: 243, 1: 249, 2: 275, 3: 233, 4: 0, 5: 0}",2,1,1
0.16666666666666666,12,250,1000,6,True,0.7939540934750948,4,4,[3.86029533 3.96450604] [0.89542836 0.98832275] [0.89001073 3.9956939 ] [3.863715   0.95082024],[2.84578517e-01 2.32481378e-01 1.06930054e-03 2.31025077e-01 2.50704258e-01 1.41469531e-04],[[ 0.89384399 -0.04673406]  [-0.04673406  0.82778738]] [[ 0.62723005 -0.04775036]  [-0.04775036  0.64810764]] [[ 0.59002206 -0.06698116]  [-0.06698116  0.67483854]] [[ 0.83442947 -0.05897606]  [-0.05897606  0.5954662 ]],5,"{0: 277, 1: 234, 2: 0, 3: 234, 4: 255, 5: 0}",2,1,1
0.16666666666666666,13,250,1000,6,True,0.7517998813725025,4,4,[1.02144989 3.97385244] [3.91088732 0.96516905] [4.0007864  4.05110256] [0.98757334 1.01762911],[2.66843556e-01 2.82012993e-01 2.15804064e-01 2.35177440e-01 1.41706184e-04 2.02409436e-05],[[0.90530601 0.23734513]  [0.23734513 0.86926234]] [[1.01702386 0.37688482]  [0.37688482 1.11170672]] [[0.67209318 0.25880123]  [0.25880123 0.66568128]] [[0.80137908 0.30184805]  [0.30184805 0.66694582]],4,"{0: 258, 1: 275, 2: 222, 3: 245, 4: 0, 5: 0}",2,1,1
0.16666666666666666,14,250,1000,6,True,0.8226805739466848,4,4,[3.81031863 1.00087916] [0.94562202 3.98845349] [0.8400171  1.01859205] [3.9262047  3.98248834],[2.68207303e-01 2.47180697e-01 2.40314336e-01 1.06508289e-03 2.43091404e-01 1.41177583e-04],[[0.76113658 0.06814402]  [0.06814402 0.85077704]] [[0.63950628 0.0435036 ]  [0.0435036  0.77502521]] [[0.56468709 0.09595782]  [0.09595782 0.84778737]] [[0.64126672 0.05654285]  [0.05654285 0.76921363]],5,"{0: 264, 1: 248, 2: 242, 3: 0, 4: 246, 5: 0}",2,1,1
0.16666666666666666,15,250,1000,6,True,0.7786802500801154,4,4,[0.82895676 3.88833981] [3.75627109 0.97541492] [3.78742495 3.95080097] [0.79676709 0.91897537],[2.40690418e-01 2.66447195e-01 2.82464837e-01 2.10235643e-01 1.41670264e-04 2.02357702e-05],[[0.71991504 0.00696387]  [0.00696387 0.75719576]] [[1.09529366 0.02259707]  [0.02259707 0.59065278]] [[1.03151221 0.03180942]  [0.03180942 0.72221604]] [[0.75668509 0.03510653]  [0.03510653 0.55706702]],4,"{0: 241, 1: 263, 2: 284, 3: 212, 4: 0, 5: 0}",2,1,1
0.16666666666666666,16,250,1000,6,True,0.8035084467796608,4,4,[0.99462078 1.04045871] [4.02763144 4.00711198] [3.97599526 1.04526222] [1.06233358 4.03012397],[0.0010746  0.00107515 0.23615804 0.2506258  0.25983546 0.25123096],[[0.67721355 0.13659705]  [0.13659705 0.74167745]] [[0.79527608 0.15306565]  [0.15306565 0.7614859 ]] [[0.84027054 0.11263395]  [0.11263395 0.75587185]] [[0.8135199  0.13637204]  [0.13637204 0.7891141 ]],6,"{0: 0, 1: 0, 2: 237, 3: 250, 4: 262, 5: 251}",2,1,1
0.16666666666666666,17,250,1000,6,True,0.8200000694773649,5,4,[4.06110342 1.08146306] [0.08668446 1.95832385] [1.07905516 1.06493435] [1.06070648 4.03570739] [4.04311713 4.0620367 ],[2.48699137e-01 4.28099468e-03 2.37141566e-01 2.57543165e-01 2.52193533e-01 1.41604176e-04],[[0.72446285 0.09950258]  [0.09950258 0.80168815]] [[4.51327773 0.98512259]  [0.98512259 2.0618337 ]] [[0.66860946 0.10187479]  [0.10187479 0.73496053]] [[0.6373934  0.06958187]  [0.06958187 0.88714269]] [[0.65241204 0.10419404]  [0.10419404 0.86016332]],5,"{0: 250, 1: 2, 2: 240, 3: 252, 4: 256, 5: 0}",4,1,3
0.16666666666666666,18,250,1000,6,True,0.752274448258639,4,4,[1.06542234 3.90012076] [4.11190439 1.06164227] [4.07890041 4.0094348 ] [1.09820334 0.95330845],[0.26895635 0.25192278 0.22406774 0.00106617 0.00106152 0.25292544],[[0.93229849 0.09223786]  [0.09223786 0.91228351]] [[0.70848515 0.08040996]  [0.08040996 0.94202468]] [[0.68687188 0.09312464]  [0.09312464 0.74766372]] [[0.88693841 0.12054377]  [0.12054377 0.85481486]],6,"{0: 270, 1: 249, 2: 224, 3: 0, 4: 0, 5: 257}",2,1,1
0.16666666666666666,19,250,1000,6,True,0.8106399846818904,4,4,[1.09327234 4.06957534] [1.05040687 1.08681679] [4.05878635 4.08289251] [4.02082022 1.10904718],[1.07507974e-03 2.56272975e-01 2.55949763e-01 2.33876989e-01 2.52683559e-01 1.41634787e-04],[[0.83877166 0.11521987]  [0.11521987 0.6866787 ]] [[0.77735995 0.13471613]  [0.13471613 0.73651871]] [[0.71058651 0.13329996]  [0.13329996 0.66800575]] [[0.74676276 0.10976566]  [0.10976566 0.76019674]],5,"{0: 0, 1: 255, 2: 260, 3: 235, 4: 250, 5: 0}",2,1,1
1,0,250,1000,6,True,0.7865709147859277,4,4,[3.99856366 1.0604533 ] [0.98924594 4.01148792] [1.01116939 1.01930311] [3.98076468 4.07486988],[2.47635204e-01 2.55869653e-01 2.28749755e-01 2.66976010e-01 5.14738430e-04 2.54639607e-04],[[0.83333775 0.07516241]  [0.07516241 0.71975805]] [[0.71231514 0.0691856 ]  [0.0691856  0.81554639]] [[0.74154709 0.09819028]  [0.09819028 0.59292429]] [[0.85663079 0.10669714]  [0.10669714 0.85119443]],4,"{0: 250, 1: 249, 2: 234, 3: 267, 4: 0, 5: 0}",2,1,1
1,1,250,1000,6,True,0.8774953333084698,5,4,[1.05429    1.04976543] [2.45972964 5.03081333] [4.04276835 1.05167658] [4.05194406 4.04960449] [1.06031212 4.04720205],[0.25358407 0.00107102 0.00570522 0.25281333 0.24189768 0.24492868],[[0.57158196 0.12112788]  [0.12112788 0.69632618]] [[ 1.81082692 -0.10831355]  [-0.10831355  4.00837532]] [[0.5652127  0.11476023]  [0.11476023 0.70621463]] [[0.55794549 0.12498017]  [0.12498017 0.60841555]] [[0.56464831 0.09285172]  [0.09285172 0.63912079]],6,"{0: 248, 1: 0, 2: 3, 3: 250, 4: 249, 5: 250}",4,3,1
1,2,250,1000,6,True,0.7347092193392649,4,4,[1.01010221 0.80070188] [3.98064494 3.8443269 ] [3.98562604 0.84989958] [0.98600342 3.77891355],[0.21391342 0.27563105 0.00106916 0.24788091 0.00106446 0.260441  ],[[0.71175433 0.13969301]  [0.13969301 0.61834865]] [[0.90400775 0.09261541]  [0.09261541 0.77723693]] [[0.91685154 0.09756702]  [0.09756702 0.60176929]] [[0.74772548 0.09801707]  [0.09801707 0.98769181]],6,"{0: 223, 1: 268, 2: 0, 3: 246, 4: 0, 5: 263}",2,1,1
1,3,250,1000,6,True,0.7845925013818739,4,4,[3.80083526 4.03748505] [3.75933582 1.08211531] [0.85457059 4.04468991] [0.7879073  1.03244303],[0.25914177 0.28743598 0.00107005 0.23774151 0.21409905 0.00051165],[[0.94688355 0.23888419]  [0.23888419 0.70470766]] [[1.0229096  0.17736515]  [0.17736515 0.83103952]] [[0.73520396 0.2165122 ]  [0.2165122  0.83302876]] [[0.59417621 0.19647722]  [0.19647722 0.73254284]],5,"{0: 255, 1: 282, 2: 0, 3: 241, 4: 222, 5: 0}",2,1,1
1,4,250,1000,6,True,0.7962565531545466,4,4,[0.95627296 0.95583294] [3.98647755 3.97423982] [0.94297586 3.92593047] [3.97160452 0.97254437],[2.42702310e-01 2.57629672e-01 2.47850293e-01 2.51048414e-01 5.14700938e-04 2.54610635e-04],[[0.67503448 0.16341114]  [0.16341114 0.78435294]] [[0.73900873 0.16636915]  [0.16636915 0.83880034]] [[0.64252611 0.14543241]  [0.14543241 0.84357102]] [[0.76486301 0.15082091]  [0.15082091 0.77709201]],4,"{0: 243, 1: 258, 2: 249, 3: 250, 4: 0, 5: 0}",2,1,1
1,5,250,1000,6,True,0.7922292596893383,4,4,[4.07282031 3.92918547] [1.08936981 0.94780801] [1.08536442 3.92469089] [4.06818903 0.96202366],[2.50724767e-01 2.58111195e-01 2.68859283e-01 2.21535484e-01 5.14704086e-04 2.54567145e-04],[[0.59371205 0.01989923]  [0.01989923 0.87135864]] [[0.80900341 0.02897433]  [0.02897433 0.68864084]] [[0.73270133 0.00781457]  [0.00781457 0.78943479]] [[0.56591912 0.00393541]  [0.00393541 0.68746844]],4,"{0: 249, 1: 257, 2: 269, 3: 225, 4: 0, 5: 0}",2,1,1
1,6,250,1000,6,True,0.756691676255006,4,4,[3.95580765 4.01947061] [0.97805579 4.00192457] [3.95487835 1.04764203] [0.97796138 1.04081871],[0.2600063  0.001075   0.2366616  0.25080112 0.00106362 0.25039236],[[0.94781562 0.0471285 ]  [0.0471285  0.74487675]] [[0.80215207 0.02579852]  [0.02579852 0.6929637 ]] [[0.93679484 0.04430952]  [0.04430952 0.71433108]] [[0.93369854 0.06307168]  [0.06307168 0.78325993]],6,"{0: 253, 1: 0, 2: 241, 3: 250, 4: 0, 5: 256}",2,1,1
1,7,250,1000,6,True,0.8441204878839599,4,4,[1.15208686 0.98896474] [4.16488123 3.95419405] [1.17164338 3.96652596] [4.14148252 0.9723929 ],[2.56680367e-01 2.47254063e-01 2.45187854e-01 2.50108031e-01 5.14996699e-04 2.54688341e-04],[[0.68423265 0.07918438]  [0.07918438 0.71610555]] [[0.68507746 0.09989499]  [0.09989499 0.6607021 ]] [[0.686642   0.06721581]  [0.06721581 0.62566752]] [[0.6720153  0.07316054]  [0.07316054 0.68553673]],4,"{0: 257, 1: 249, 2: 244, 3: 250, 4: 0, 5: 0}",2,1,1
1,8,250,1000,6,True,0.7842167821225817,4,4,[0.95577508 4.03942234] [3.93558471 1.06177011] [3.94925431 4.02664066] [0.94964055 1.0895869 ],[2.35828182e-01 2.54812934e-01 2.57860724e-01 2.50728192e-01 5.15187942e-04 2.54779977e-04],[[0.65665322 0.04186343]  [0.04186343 0.8330355 ]] [[0.76128962 0.06702514]  [0.06702514 0.86817217]] [[0.7923471  0.07087499]  [0.07087499 0.88732986]] [[0.70128606 0.076557  ]  [0.076557   0.94567124]],4,"{0: 239, 1: 252, 2: 259, 3: 250, 4: 0, 5: 0}",2,1,1
1,9,250,1000,6,True,0.7634177355009089,4,4,[1.00964512 4.21951701] [4.0289833  1.26033932] [4.00143218 4.24914854] [1.01297246 1.21175105],[2.34640478e-01 2.75657024e-01 2.19724024e-01 2.69208919e-01 5.14868417e-04 2.54686874e-04],[[0.74149334 0.06736251]  [0.06736251 0.68044363]] [[0.66638726 0.0752584 ]  [0.0752584  1.05477449]] [[0.70169407 0.10506742]  [0.10506742 0.67367746]] [[0.65276249 0.07703701]  [0.07703701 0.95007813]],4,"{0: 231, 1: 273, 2: 225, 3: 271, 4: 0, 5: 0}",2,1,1
1,10,250,1000,6,True,0.7817479898782322,4,4,[3.98197221 1.04807417] [1.01298777 1.0670839 ] [3.98583535 4.01629575] [1.01618064 4.02618426],[0.00107688 0.25879362 0.22409577 0.29039446 0.00106465 0.22457462],[[0.90886533 0.00449074]  [0.00449074 0.6742316 ]] [[ 0.61328837 -0.00363239]  [-0.00363239  0.73838076]] [[0.98841647 0.02138459]  [0.02138459 0.85804982]] [[ 0.57101296 -0.03233098]  [-0.03233098  0.78631517]],6,"{0: 0, 1: 254, 2: 228, 3: 284, 4: 0, 5: 234}",2,1,1
1,11,250,1000,6,True,0.8006503526187358,4,4,[4.05118245 3.91183164] [1.01823993 0.91584416] [1.06672547 3.9172509 ] [4.01456764 0.92331296],[2.42048175e-01 2.48501048e-01 2.77581431e-01 2.31099838e-01 5.14868628e-04 2.54640172e-04],[[0.60949627 0.08717157]  [0.08717157 0.78776641]] [[0.74307058 0.04960652]  [0.04960652 0.60952163]] [[0.85845284 0.03265016]  [0.03265016 0.7712351 ]] [[0.60641676 0.05835335]  [0.05835335 0.67031807]],4,"{0: 243, 1: 249, 2: 275, 3: 233, 4: 0, 5: 0}",2,1,1
1,12,250,1000,6,True,0.7939540934750948,4,4,[3.8603182  3.96453506] [0.8953974  0.98831314] [0.89000346 3.99570743] [3.8637085  0.95081804],[0.28446637 0.2323909  0.00106881 0.23094145 0.25062087 0.0005116 ],[[ 0.89382258 -0.04673783]  [-0.04673783  0.82775517]] [[ 0.62720109 -0.0477526 ]  [-0.0477526   0.64809882]] [[ 0.5900193  -0.06697227]  [-0.06697227  0.67483362]] [[ 0.83445205 -0.05896479]  [-0.05896479  0.59547186]],5,"{0: 277, 1: 234, 2: 0, 3: 234, 4: 255, 5: 0}",2,1,1
1,13,250,1000,6,True,0.7517998813725025,4,4,[1.02139648 3.97394295] [3.91107136 0.96518157] [4.00077459 4.05110585] [0.98764581 1.01760019],[2.66660365e-01 2.81811152e-01 2.15684086e-01 2.35075206e-01 5.14640744e-04 2.54550345e-04],[[0.90522728 0.23732971]  [0.23732971 0.8691434 ]] [[1.0167072  0.37675634]  [0.37675634 1.11160735]] [[0.67215097 0.25879358]  [0.25879358 0.6656963 ]] [[0.80144157 0.30176051]  [0.30176051 0.66710513]],4,"{0: 258, 1: 275, 2: 222, 3: 245, 4: 0, 5: 0}",2,1,1
1,14,250,1000,6,True,0.8226805739466848,4,4,[3.81023403 1.00081395] [0.94558604 3.98797557] [0.83990682 1.01803934] [3.9262261  3.98245879],[0.26811022 0.24717053 0.24012687 0.00106473 0.24301679 0.00051086],[[0.76124444 0.06812284]  [0.06812284 0.85069217]] [[0.63948179 0.04353546]  [0.04353546 0.77557646]] [[0.56457445 0.09593011]  [0.09593011 0.84712467]] [[0.64125776 0.05651243]  [0.05651243 0.76926355]],5,"{0: 264, 1: 248, 2: 242, 3: 0, 4: 246, 5: 0}",2,1,1
1,15,250,1000,6,True,0.7786802500801154,4,4,[0.82885987 3.8883464 ] [3.756442   0.97556766] [3.78736341 3.95101678] [0.79687647 0.91896973],[2.40528511e-01 2.66294926e-01 2.82272534e-01 2.10134589e-01 5.14840099e-04 2.54599182e-04],[[0.71981688 0.00695351]  [0.00695351 0.75718544]] [[1.09508806 0.02262442]  [0.02262442 0.59084373]] [[1.0315967  0.03178846]  [0.03178846 0.72196658]] [[0.75679867 0.03510743]  [0.03510743 0.55705814]],4,"{0: 241, 1: 263, 2: 284, 3: 212, 4: 0, 5: 0}",2,1,1
1,16,250,1000,6,True,0.8035084467796608,4,4,[0.99462044 1.04043198] [4.02764758 4.0070982 ] [3.97599571 1.04525402] [1.06235298 4.03010061],[0.00107459 0.00107497 0.23615174 0.25062256 0.25983415 0.25124199],[[0.67720782 0.13660144]  [0.13660144 0.74164477]] [[0.79525563 0.15307793]  [0.15307793 0.76149615]] [[0.84027392 0.11263893]  [0.11263893 0.75586447]] [[0.81354947 0.13638336]  [0.13638336 0.78914942]],6,"{0: 0, 1: 0, 2: 237, 3: 250, 4: 262, 5: 251}",2,1,1
1,17,250,1000,6,True,0.8200000694773649,5,4,[4.06112154 1.08143266] [0.08654013 1.95829444] [1.07904436 1.06491423] [1.06069374 4.03571717] [4.04313656 4.0620374 ],[0.24860126 0.00427858 0.23705368 0.25744828 0.25210559 0.00051262],[[0.72444422 0.09950478]  [0.09950478 0.80165618]] [[4.51337962 0.98512202]  [0.98512202 2.06183815]] [[0.66861178 0.10186336]  [0.10186336 0.7349469 ]] [[0.63738552 0.06958757]  [0.06958757 0.88713755]] [[0.65240105 0.10417855]  [0.10417855 0.86017276]],5,"{0: 250, 1: 2, 2: 240, 3: 252, 4: 256, 5: 0}",4,1,3
1,18,250,1000,6,True,0.752274448258639,4,4,[1.06543923 3.90022401] [4.11195407 1.061638  ] [4.07890103 4.00942985] [1.09824192 0.95340723],[0.26893492 0.25190974 0.22406726 0.00106616 0.00106154 0.25296036],[[0.93227996 0.09220596]  [0.09220596 0.91215291]] [[0.70843038 0.08040755]  [0.08040755 0.94201342]] [[0.68686909 0.09312318]  [0.09312318 0.74767236]] [[0.88704028 0.12051404]  [0.12051404 0.85492409]],6,"{0: 270, 1: 249, 2: 224, 3: 0, 4: 0, 5: 257}",2,1,1
1,19,250,1000,6,True,0.8106399846818904,4,4,[1.09323729 4.06958981] [1.05035226 1.08680281] [4.05877994 4.08293314] [4.0207945  1.10906252],[0.00107432 0.2561721  0.25584768 0.23378991 0.25260365 0.00051234],[[0.83873698 0.11522264]  [0.11522264 0.6866687 ]] [[0.77730321 0.13470341]  [0.13470341 0.73652046]] [[0.7106065  0.13328819]  [0.13328819 0.66796563]] [[0.74679444 0.10976413]  [0.10976413 0.76021607]],5,"{0: 0, 1: 255, 2: 260, 3: 235, 4: 250, 5: 0}",2,1,1
10,0,250,1000,6,True,0.7865709147859277,4,4,[3.99854076 1.06054318] [0.9893241  4.01150562] [1.01108318 1.01924898] [3.98100115 4.07511672],[0.24738958 0.255612   0.22850144 0.26667256 0.00095888 0.00086554],[[0.83335593 0.07512834]  [0.07512834 0.71985892]] [[0.71241323 0.06916427]  [0.06916427 0.81552286]] [[0.74148752 0.09815952]  [0.09815952 0.59290259]] [[0.85641694 0.10657427]  [0.10657427 0.85095643]],4,"{0: 250, 1: 249, 2: 234, 3: 267, 4: 0, 5: 0}",2,1,1
10,1,250,1000,6,True,0.8774953333084698,5,4,[1.05428067 1.04973208] [2.45972334 5.02884341] [4.04276837 1.0516804 ] [4.05197008 4.04959898] [1.06031753 4.04715134],[0.25355568 0.00107094 0.00572117 0.25280371 0.24188695 0.24496155],[[0.57157468 0.12112126]  [0.12112126 0.69627731]] [[ 1.8113166  -0.1086588 ]  [-0.1086588   4.00635838]] [[0.56521431 0.11476429]  [0.11476429 0.70622041]] [[0.55791135 0.12499091]  [0.12499091 0.60837745]] [[0.56465046 0.09283746]  [0.09283746 0.63908199]],6,"{0: 248, 1: 0, 2: 3, 3: 250, 4: 249, 5: 250}",4,3,1
10,2,250,1000,6,True,0.7347092193392649,4,4,[1.01012534 0.80049918] [3.98095089 3.84431738] [3.985655   0.84989252] [0.98627654 3.77868747],[0.21385691 0.2755529  0.00106909 0.24786909 0.00106562 0.26058639],[[0.71178771 0.13970233]  [0.13970233 0.61814411]] [[0.90361075 0.09263206]  [0.09263206 0.77720989]] [[0.91681755 0.09757269]  [0.09757269 0.60176802]] [[0.74800519 0.09803611]  [0.09803611 0.98803084]],6,"{0: 223, 1: 268, 2: 0, 3: 246, 4: 0, 5: 263}",2,1,1
10,3,250,1000,6,True,0.7845925013818739,4,4,[3.80102765 4.0381449 ] [3.75880245 1.08274674] [0.85460039 4.04477104] [0.78744676 1.03238691],[0.25888317 0.2874734  0.00106958 0.23763467 0.21398104 0.00095815],[[0.94678495 0.23869398]  [0.23869398 0.70394083]] [[1.02354878 0.1771442 ]  [0.1771442  0.8317293 ]] [[0.73522563 0.2164856 ]  [0.2164856  0.83294359]] [[0.59373853 0.19632566]  [0.19632566 0.73258309]],5,"{0: 255, 1: 282, 2: 0, 3: 241, 4: 222, 5: 0}",2,1,1
10,4,250,1000,6,True,0.7962565531545466,4,4,[0.95563054 0.95593975] [3.98650542 3.97518042] [0.94284625 3.92600828] [3.97090078 0.97323469],[0.24231888 0.25719853 0.24757837 0.25108043 0.00095803 0.00086576],[[0.67420786 0.16366467]  [0.16366467 0.78438431]] [[0.73898723 0.16636189]  [0.16636189 0.83765219]] [[0.64253806 0.14557974]  [0.14557974 0.84356461]] [[0.76590675 0.15106691]  [0.15106691 0.77809862]],4,"{0: 243, 1: 258, 2: 249, 3: 250, 4: 0, 5: 0}",2,1,1
10,5,250,1000,6,True,0.7898593998072818,4,4,[4.07329846 3.92931464] [1.08910755 0.94669853] [1.08577306 3.92369452] [4.06805776 0.96209039],[0.25034934 0.25760557 0.26883441 0.22138572 0.00095876 0.00086619],[[0.59314472 0.01992409]  [0.01992409 0.87121467]] [[0.80876703 0.02890445]  [0.02890445 0.68739814]] [[0.73325701 0.00790555]  [0.00790555 0.79076628]] [[0.56612701 0.00394578]  [0.00394578 0.68754616]],4,"{0: 249, 1: 256, 2: 270, 3: 225, 4: 0, 5: 0}",2,1,1
10,6,250,1000,6,True,0.756691676255006,4,4,[3.95584364 4.01956031] [0.97810102 4.00219554] [3.95554739 1.04778314] [0.97859815 1.04104372],[0.25995771 0.0010736  0.23660411 0.25069456 0.00106373 0.2506063 ],[[0.94777727 0.0471199 ]  [0.0471199  0.74478295]] [[0.80214783 0.02576498]  [0.02576498 0.69263561]] [[0.93599149 0.04422677]  [0.04422677 0.714433  ]] [[0.93444739 0.06298028]  [0.06298028 0.7835605 ]],6,"{0: 253, 1: 0, 2: 241, 3: 250, 4: 0, 5: 256}",2,1,1
10,7,250,1000,6,True,0.8441204878839599,4,4,[1.15165321 0.98888781] [4.1649647  3.95477138] [1.17159768 3.96656313] [4.14113828 0.97286763],[0.25632987 0.24689806 0.24492482 0.25002065 0.00096067 0.00086594],[[0.68374555 0.07910591]  [0.07910591 0.71609618]] [[0.68506332 0.09979695]  [0.09979695 0.6600411 ]] [[0.68660302 0.06720143]  [0.06720143 0.62564121]] [[0.67243021 0.07310494]  [0.07310494 0.68610554]],4,"{0: 257, 1: 249, 2: 244, 3: 250, 4: 0, 5: 0}",2,1,1
10,8,250,1000,6,True,0.7819028041228405,4,4,[0.95589023 4.04096341] [3.9359459  1.06167866] [3.94940767 4.02665353] [0.94979625 1.09100837],[0.2353258  0.25446573 0.25758429 0.25079678 0.0009606  0.0008668 ],[[0.6566468  0.04171736]  [0.04171736 0.83131603]] [[0.76082983 0.06694764]  [0.06694764 0.86794981]] [[0.79222044 0.07080208]  [0.07080208 0.88736309]] [[0.70158778 0.07629741]  [0.07629741 0.94754343]],4,"{0: 238, 1: 252, 2: 259, 3: 251, 4: 0, 5: 0}",2,1,1
10,9,250,1000,6,True,0.751773737003539,5,4,[1.0276604  4.22161836] [4.03491981 1.26227953] [4.00385296 4.25328157] [1.02838032 1.21235009] [5.26127237 2.55841647],[0.23744582 0.27106082 0.21447798 0.27206835 0.00098429 0.00396275],[[0.76128964 0.06990076]  [0.06990076 0.67874541]] [[0.59774866 0.07962483]  [0.07962483 1.06505582]] [[0.62558573 0.11741868]  [0.11741868 0.67351785]] [[0.6696377  0.07795142]  [0.07795142 0.94749291]] [[ 4.20222645e+00 -2.68545016e-03]  [-2.68545016e-03  1.85968709e+00]],5,"{0: 232, 1: 269, 2: 222, 3: 275, 4: 0, 5: 2}",2,1,1
10,10,250,1000,6,True,0.7817479898782322,4,4,[3.982003   1.04808202] [1.01302462 1.06685068] [3.98608998 4.01631199] [1.01637285 4.02595248],[0.00107821 0.25876182 0.22404743 0.29033772 0.00106478 0.22471004],[[0.90881187 0.00447169]  [0.00447169 0.6742341 ]] [[ 0.61331639 -0.00362735]  [-0.00362735  0.73810487]] [[0.98805958 0.0213598 ]  [0.0213598  0.8580483 ]] [[ 0.57120771 -0.03232463]  [-0.03232463  0.78656699]],6,"{0: 0, 1: 254, 2: 228, 3: 284, 4: 0, 5: 234}",2,1,1
10,11,250,1000,6,True,0.8006503526187358,4,4,[4.05091171 3.91275614] [1.01793604 0.91583639] [1.06649755 3.91741196] [4.01459371 0.92414165],[0.24165578 0.24819065 0.27725063 0.2310773  0.00095958 0.00086606],[[0.60954272 0.08755728]  [0.08755728 0.78649823]] [[0.74267391 0.04962091]  [0.04962091 0.6095082 ]] [[0.85823635 0.03281387]  [0.03281387 0.77119246]] [[0.60672705 0.05872898]  [0.05872898 0.67133559]],4,"{0: 243, 1: 249, 2: 275, 3: 233, 4: 0, 5: 0}",2,1,1
10,12,250,1000,6,True,0.7939540934750948,4,4,[3.86045015 3.96462827] [0.89533724 0.9882666 ] [0.89006784 3.99570516] [3.86369662 0.95084835],[0.28428611 0.23226204 0.00106916 0.23086274 0.25056326 0.00095669],[[ 0.89365524 -0.04673711]  [-0.04673711  0.82762551]] [[ 0.62714688 -0.04776081]  [-0.04776081  0.64804943]] [[ 0.59008778 -0.06695467]  [-0.06695467  0.67487856]] [[ 0.83449216 -0.0589445 ]  [-0.0589445   0.59551395]],5,"{0: 277, 1: 234, 2: 0, 3: 234, 4: 255, 5: 0}",2,1,1
10,13,250,1000,6,True,0.7606212503752382,6,5,[1.00406415 3.97114731] [4.0377416  1.03237944] [4.00235622 4.05082314] [1.85946107 0.48034351] [1.21932256 4.5297564 ] [0.93885226 1.03602665],[0.26143005 0.26213604 0.2184487  0.03918533 0.00286757 0.2159323 ],[[0.88206189 0.27202325]  [0.27202325 0.82154627]] [[0.77035184 0.19483396]  [0.19483396 0.98002544]] [[0.70361159 0.25363098]  [0.25363098 0.66003943]] [[0.50722324 0.28410941]  [0.28410941 1.73204173]] [[ 2.32604779 -1.9350034 ]  [-1.9350034   4.32703289]] [[0.79052297 0.32212111]  [0.32212111 0.62166411]],6,"{0: 255, 1: 262, 2: 227, 3: 15, 4: 1, 5: 240}",5,2,3
10,14,250,1000,6,True,0.8226805739466848,4,4,[3.81036669 1.00044547] [0.94549976 3.9888104 ] [0.83998544 1.01889657] [3.9261089  3.98216125],[0.26789247 0.24688603 0.24016129 0.00106441 0.24303916 0.00095664],[[0.76110772 0.06817702]  [0.06817702 0.85025253]] [[0.63936401 0.04349805]  [0.04349805 0.77464593]] [[0.56466763 0.09594173]  [0.09594173 0.84817768]] [[0.64139767 0.05656893]  [0.05656893 0.76957771]],5,"{0: 264, 1: 248, 2: 242, 3: 0, 4: 246, 5: 0}",2,1,1
10,15,250,1000,6,True,0.7786802500801154,4,4,[0.82964723 3.8886597 ] [3.75670623 0.97500411] [3.78837786 3.95057645] [0.79705597 0.91914661],[0.2403872  0.26587205 0.28189703 0.21001659 0.00095955 0.00086758],[[0.72069    0.0070779 ]  [0.0070779  0.75685064]] [[1.0947882  0.02266412]  [0.02266412 0.59023602]] [[1.03034384 0.03175479]  [0.03175479 0.72254623]] [[0.75697629 0.03515185]  [0.03515185 0.55723705]],4,"{0: 241, 1: 263, 2: 284, 3: 212, 4: 0, 5: 0}",2,1,1
10,16,250,1000,6,True,0.8035084467796608,4,4,[0.9945912  1.04038019] [4.02775995 4.00716283] [3.97596307 1.04532371] [1.06246105 4.03006039],[0.0010745  0.00107552 0.23612468 0.25058065 0.25984685 0.25129781],[[0.67717406 0.13659411]  [0.13659411 0.7415925 ]] [[0.79513054 0.15307945]  [0.15307945 0.76140385]] [[0.84031186 0.11262481]  [0.11262481 0.7559375 ]] [[0.81368039 0.13639224]  [0.13639224 0.78920861]],6,"{0: 0, 1: 0, 2: 237, 3: 250, 4: 262, 5: 251}",2,1,1
10,17,250,1000,6,True,0.8200000694773649,5,4,[4.06105398 1.08121124] [0.09040729 1.95866295] [1.07895051 1.06481227] [1.06064405 4.03570901] [4.04312834 4.06187351],[0.2484513  0.004302   0.23689928 0.25732217 0.25206556 0.00095967],[[0.72450079 0.09948906]  [0.09948906 0.80140904]] [[4.51042168 0.98543367]  [0.98543367 2.06202727]] [[0.66830366 0.10177344]  [0.10177344 0.73481807]] [[0.63723314 0.06954208]  [0.06954208 0.887154  ]] [[0.65245414 0.10412787]  [0.10412787 0.86040122]],5,"{0: 250, 1: 2, 2: 240, 3: 252, 4: 256, 5: 0}",4,1,3
10,18,250,1000,6,True,0.752274448258639,4,4,[1.06531781 3.90084583] [4.11204503 1.06151495] [4.07877422 4.00930256] [1.09831597 0.95400158],[0.26877263 0.25184784 0.22408916 0.0010663  0.00106176 0.2531623 ],[[0.93206043 0.09219946]  [0.09219946 0.91140323]] [[0.70834342 0.08043662]  [0.08043662 0.94186915]] [[0.68699368 0.0931547 ]  [0.0931547  0.74780578]] [[0.88723056 0.12049046]  [0.12049046 0.85555626]],6,"{0: 270, 1: 249, 2: 224, 3: 0, 4: 0, 5: 257}",2,1,1
10,19,250,1000,6,True,0.8106399846818904,4,4,[1.09292184 4.06962567] [1.05014472 1.08679252] [4.05853511 4.08310347] [4.02063696 1.10918339],[0.00107326 0.25598958 0.25569531 0.23370896 0.25257454 0.00095834],[[0.83836683 0.11522219]  [0.11522219 0.68664907]] [[0.77706061 0.1346753 ]  [0.1346753  0.73656507]] [[0.71092356 0.13324209]  [0.13324209 0.6677702 ]] [[0.74695752 0.10974129]  [0.10974129 0.76034346]],5,"{0: 0, 1: 255, 2: 260, 3: 235, 4: 250, 5: 0}",2,1,1
100,0,250,1000,6,True,0.7865709147859277,4,4,[3.99881538 1.05956086] [0.98826853 4.01157267] [1.01127104 1.01931379] [3.97987825 4.0740841 ],[0.24700126 0.25525659 0.2284736  0.26717788 0.00105116 0.00103951],[[0.83305602 0.07522561]  [0.07522561 0.71879618]] [[0.71121164 0.0691283 ]  [0.0691283  0.81541259]] [[0.74168001 0.09816879]  [0.09816879 0.59293097]] [[0.85779411 0.10662864]  [0.10662864 0.85226063]],6,"{0: 250, 1: 249, 2: 234, 3: 267, 4: 0, 5: 0}",2,1,1
100,1,250,1000,6,True,0.8774953333084698,5,4,[1.05419614 1.04921827] [2.46132892 5.03159748] [4.042688   1.05155991] [4.05209816 4.04952935] [1.06052473 4.04674393],[0.2532797  0.00107027 0.0056779  0.25272627 0.24189869 0.24534717],[[0.57146822 0.12110151]  [0.12110151 0.69558597]] [[ 1.81008696 -0.10756962]  [-0.10756962  4.01438836]] [[0.56530727 0.11476519]  [0.11476519 0.70608758]] [[0.55775907 0.12495178]  [0.12495178 0.60856835]] [[0.56492858 0.09283779]  [0.09283779 0.63991228]],6,"{0: 248, 1: 0, 2: 3, 3: 250, 4: 249, 5: 250}",4,3,1
100,2,250,1000,6,True,0.7347092193392649,4,4,[1.00949587 0.7991394 ] [3.98306159 3.8445191 ] [3.984942   0.85008688] [0.9881903  3.77715973],[0.2133134  0.27494059 0.00106857 0.24798403 0.00106477 0.26162865],[[0.71115081 0.13986174]  [0.13986174 0.61677498]] [[0.90094989 0.09281836]  [0.09281836 0.77654388]] [[0.91775306 0.09767383]  [0.09767383 0.60208317]] [[0.75004867 0.09827578]  [0.09827578 0.99046323]],6,"{0: 223, 1: 268, 2: 0, 3: 246, 4: 0, 5: 263}",2,1,1
100,3,250,1000,6,True,0.7845925013818739,4,4,[3.80185355 4.03855255] [3.75979495 1.08305665] [0.8553207  4.04539931] [0.78830547 1.03308427],[0.25849214 0.28718954 0.00106927 0.23767208 0.21452306 0.00105392],[[0.94573634 0.23857654]  [0.23857654 0.70340288]] [[1.02211722 0.17711218]  [0.17711218 0.83207235]] [[0.73591382 0.21637079]  [0.21637079 0.83211115]] [[0.59469311 0.19638897]  [0.19638897 0.73342838]],6,"{0: 255, 1: 282, 2: 0, 3: 241, 4: 222, 5: 0}",2,1,1
100,4,250,1000,6,True,0.7962565531545466,4,4,[0.95690101 0.95529922] [3.98724733 3.97521509] [0.94358876 3.92557149] [3.97250363 0.97342592],[0.24266332 0.2573001  0.24800724 0.00106458 0.00106034 0.24990442],[[0.67597739 0.1630666 ]  [0.1630666  0.78395905]] [[0.73798016 0.16614681]  [0.16614681 0.83782102]] [[0.64308796 0.14519552]  [0.14519552 0.84391408]] [[0.76372549 0.15060116]  [0.15060116 0.77801753]],6,"{0: 243, 1: 258, 2: 249, 3: 0, 4: 0, 5: 250}",2,1,1
100,5,250,1000,6,True,0.7898593998072818,4,4,[4.07368122 3.93066169] [1.08835476 0.94572418] [1.08618877 3.92276076] [4.06745314 0.96338071],[0.24987335 0.25716082 0.26897889 0.22189361 0.00105183 0.0010415 ],[[0.5926301  0.01998224]  [0.01998224 0.86949792]] [[0.80783359 0.02881324]  [0.02881324 0.68632029]] [[0.73377578 0.0079383 ]  [0.0079383  0.79197884]] [[0.56689887 0.00396799]  [0.00396799 0.68890776]],6,"{0: 249, 1: 256, 2: 270, 3: 225, 4: 0, 5: 0}",2,1,1
100,6,250,1000,6,True,0.7589479180536217,4,4,[3.95629962 4.0200437 ] [0.97855954 4.00356504] [3.95897987 1.04850713] [0.9818235  1.04215143],[0.25959311 0.00107457 0.23631205 0.25013409 0.00106455 0.25182162],[[0.94723883 0.04703413]  [0.04703413 0.74430145]] [[0.80236055 0.02557069]  [0.02557069 0.69094407]] [[0.93183982 0.04377292]  [0.04377292 0.71493544]] [[0.93821397 0.062476  ]  [0.062476   0.78504679]],6,"{0: 253, 1: 0, 2: 241, 3: 249, 4: 0, 5: 257}",2,1,1
100,7,250,1000,6,True,0.8441748116673143,4,4,[1.15089301 0.98872396] [4.16508343 3.9557219 ] [1.17164003 3.9664338 ] [4.14034547 0.97382429],[0.25598468 0.24658083 0.2448754  0.25046622 0.00105259 0.00104028],[[0.68282435 0.07906403]  [0.07906403 0.71597523]] [[0.6850066  0.09970563]  [0.09970563 0.65891619]] [[0.68667351 0.06719257]  [0.06719257 0.62580224]] [[0.67336707 0.0729939 ]  [0.0729939  0.68723039]],6,"{0: 257, 1: 248, 2: 244, 3: 251, 4: 0, 5: 0}",2,1,1
100,8,250,1000,6,True,0.7819028041228405,4,4,[0.9560151  4.04455038] [3.93675005 1.06129659] [3.94937848 4.02625775] [0.95035013 1.09455951],[0.23453341 0.25409536 0.25758692 0.25168854 0.0010542  0.00104157],[[0.65644343 0.0413553 ]  [0.0413553  0.82729582]] [[0.7597545  0.06673371]  [0.06673371 0.86718972]] [[0.79230771 0.0707356 ]  [0.0707356  0.88785033]] [[0.70242579 0.07577678]  [0.07577678 0.95210539]],6,"{0: 238, 1: 252, 2: 259, 3: 251, 4: 0, 5: 0}",2,1,1
100,9,250,1000,6,True,0.7527192567904389,5,4,[1.0284548  4.22249414] [4.03394886 1.26108549] [4.00345797 4.25439727] [1.03022154 1.21282499] [5.11944537 2.51809789],[0.23719662 0.26960376 0.21374806 0.27254715 0.00105221 0.0058522 ],[[0.76228176 0.07021542]  [0.07021542 0.677928  ]] [[0.58739041 0.07850876]  [0.07850876 1.06442861]] [[0.62081029 0.11863186]  [0.11863186 0.67256844]] [[0.67170056 0.07785616]  [0.07785616 0.94795186]] [[ 3.95206293 -0.02251425]  [-0.02251425  1.88513789]],6,"{0: 232, 1: 268, 2: 222, 3: 275, 4: 0, 5: 3}",2,1,1
100,10,250,1000,6,True,0.7817479898782322,4,4,[3.9822788  1.04789182] [1.01335891 1.0647443 ] [3.98797912 4.01609591] [1.01785352 4.02385547],[0.00107485 0.25846773 0.22364669 0.2899853  0.00106574 0.22575969],[[0.9083543  0.0043143 ]  [0.0043143  0.67398648]] [[ 0.61358638 -0.00360043]  [-0.00360043  0.73563945]] [[0.98542527 0.02122903]  [0.02122903 0.85847215]] [[ 0.57275269 -0.03225177]  [-0.03225177  0.78891651]],6,"{0: 0, 1: 254, 2: 228, 3: 284, 4: 0, 5: 234}",2,1,1
100,11,250,1000,6,True,0.8006503526187358,4,4,[4.05084496 3.91399498] [1.0173817  0.91575358] [1.06664262 3.91738485] [4.01438376 0.9253088 ],[0.24124517 0.2479346  0.27719388 0.23153122 0.00105445 0.00104069],[[0.6093054  0.08800128]  [0.08800128 0.78481744]] [[0.74195048 0.04962962]  [0.04962962 0.60940068]] [[0.85844907 0.03289854]  [0.03289854 0.77135366]] [[0.60736021 0.05915579]  [0.05915579 0.67270747]],6,"{0: 243, 1: 249, 2: 275, 3: 233, 4: 0, 5: 0}",2,1,1
100,12,250,1000,6,True,0.7939540934750948,4,4,[3.8622825  3.96697114] [0.89436438 0.98817427] [0.89177764 3.99558468] [3.86280927 0.95276726],[0.28334137 0.23191525 0.00106922 0.23123573 0.25138796 0.00105047],[[ 0.89080743 -0.04609174]  [-0.04609174  0.8236412 ]] [[ 0.62608568 -0.04758403]  [-0.04758403  0.64774257]] [[ 0.59179444 -0.06674978]  [-0.06674978  0.6759034 ]] [[ 0.83601912 -0.05847797]  [-0.05847797  0.59769956]],6,"{0: 277, 1: 234, 2: 0, 3: 234, 4: 255, 5: 0}",2,1,1
100,13,250,1000,6,True,0.7640459085710072,6,5,[1.00399567 3.97279404] [4.03784021 1.03133895] [4.00170403 4.05045796] [1.86551982 0.44771701] [1.22361943 4.54323329] [0.94555272 1.03845889],[0.26076187 0.26180396 0.21846853 0.03735465 0.00295273 0.21865826],[[0.88123798 0.27151099]  [0.27151099 0.81707774]] [[0.77065167 0.196018  ]  [0.196018   0.97992376]] [[0.70425969 0.25388219]  [0.25388219 0.66051998]] [[0.51141014 0.29320179]  [0.29320179 1.73803017]] [[ 2.3111917  -1.91700927]  [-1.91700927  4.31676118]] [[0.79398177 0.32172124]  [0.32172124 0.62516379]],6,"{0: 254, 1: 262, 2: 227, 3: 14, 4: 1, 5: 242}",5,2,3
100,14,250,1000,6,True,0.7745997766453717,5,5,[3.84022971 0.99861042] [0.94500988 3.99078728] [1.06519617 1.16991491] [3.92275592 3.97923006] [0.74558932 0.91571189],[0.26184671 0.24642583 0.10524262 0.00106727 0.24480551 0.14061207],[[0.73081032 0.07049247]  [0.07049247 0.85247991]] [[0.63629346 0.04213765]  [0.04213765 0.77146463]] [[ 0.7497939  -0.02612383]  [-0.02612383  0.69690853]] [[0.64426776 0.05867132]  [0.05867132 0.77274602]] [[0.50499851 0.15684485]  [0.15684485 0.94622665]],6,"{0: 262, 1: 256, 2: 47, 3: 0, 4: 248, 5: 187}",3,1,2
100,15,250,1000,6,True,0.7762313969343327,4,4,[0.83117003 3.8897127 ] [3.75849815 0.9737144 ] [3.79010622 3.94922744] [0.79890664 0.92007898],[0.24035918 0.26517437 0.28173701 0.21063383 0.00105292 0.00104269],[[0.72244012 0.00739593]  [0.00739593 0.75562833]] [[1.09252546 0.02266536]  [0.02266536 0.58880849]] [[1.02815889 0.03185142]  [0.03185142 0.72418699]] [[0.7587997  0.0354218 ]  [0.0354218  0.55816582]],6,"{0: 241, 1: 262, 2: 285, 3: 212, 4: 0, 5: 0}",2,1,1
100,16,250,1000,6,True,0.8011246865252802,4,4,[0.99438706 1.03956965] [4.02868667 4.00728915] [3.97575205 1.04558571] [1.06342334 4.02937984],[0.00107374 0.0010749  0.23584049 0.25028166 0.25991037 0.25181884],[[0.67683698 0.13662949]  [0.13662949 0.74067211]] [[0.79405784 0.15331356]  [0.15331356 0.76105424]] [[0.8406306  0.11263009]  [0.11263009 0.75623284]] [[0.81496244 0.13665355]  [0.13665355 0.79022378]],6,"{0: 0, 1: 0, 2: 237, 3: 249, 4: 262, 5: 252}",2,1,1
100,17,250,1000,6,True,0.8200000694773649,5,4,[4.06132055 1.07981325] [0.090327   1.95886051] [1.07920417 1.06454544] [1.06054483 4.03546224] [4.04308041 4.06044782],[0.24798493 0.00429593 0.23681983 0.25730466 0.25254106 0.00105359],[[0.72406042 0.09933817]  [0.09933817 0.79971806]] [[4.51088018 0.9844803 ]  [0.9844803  2.06153796]] [[0.66873647 0.10166881]  [0.10166881 0.73460998]] [[0.63705591 0.06945062]  [0.06945062 0.88741705]] [[0.65270679 0.10397053]  [0.10397053 0.86213595]],6,"{0: 250, 1: 2, 2: 240, 3: 252, 4: 256, 5: 0}",4,1,3
100,18,250,1000,6,True,0.7616850639983965,4,4,[1.06517165 3.90649148] [4.11379526 1.06078754] [4.07816875 4.00855135] [1.0996882  0.95943014],[0.26742765 0.25120253 0.2241967  0.00106679 0.00106338 0.25504295],[[0.93047929 0.09129386]  [0.09129386 0.90445543]] [[0.70648058 0.0805086 ]  [0.0805086  0.94084269]] [[0.68753894 0.09324696]  [0.09324696 0.7486984 ]] [[0.89084995 0.11956785]  [0.11956785 0.86147747]],6,"{0: 267, 1: 248, 2: 224, 3: 0, 4: 0, 5: 261}",2,1,1
100,19,250,1000,6,True,0.8153955478665932,4,4,[1.09078589 4.07009584] [1.04791564 1.08721601] [4.05657842 4.08466865] [4.01842532 1.11078743],[0.001071   0.25539166 0.25530343 0.23378136 0.25339878 0.00105377],[[0.83582671 0.11515015]  [0.11515015 0.68620341]] [[0.77426241 0.13447206]  [0.13447206 0.73754384]] [[0.71342622 0.13296897]  [0.13296897 0.66584225]] [[0.74921734 0.10935972]  [0.10935972 0.76189091]],6,"{0: 0, 1: 254, 2: 259, 3: 236, 4: 251, 5: 0}",2,1,1
1000,0,250,1000,6,True,0.7865090582726645,4,4,[3.9997415  1.05858183] [0.98698491 4.01180719] [1.01211646 1.01955619] [3.97849857 4.07303056],[0.24636767 0.25480533 0.22872763 0.00106515 0.26797148 0.00106274],[[0.83187431 0.07525865]  [0.07525865 0.71780236]] [[0.70974264 0.06901667]  [0.06901667 0.81500942]] [[0.74261965 0.09813787]  [0.09813787 0.59310661]] [[0.85952849 0.10661138]  [0.10661138 0.85359387]],6,"{0: 248, 1: 249, 2: 235, 3: 0, 4: 268, 5: 0}",2,1,1
1000,1,250,1000,6,True,0.8774953333084698,5,4,[1.05385862 1.04790094] [2.46432527 5.03037012] [4.0423973  1.05125232] [4.05237905 4.04930634] [1.0609109  4.04560112],[0.25241592 0.00106823 0.00564018 0.25259206 0.24201959 0.24626402],[[0.57105441 0.12103414]  [0.12103414 0.69378457]] [[ 1.80890549 -0.10593132]  [-0.10593132  4.02500304]] [[0.56565924 0.11479518]  [0.11479518 0.70576147]] [[0.55742641 0.12491678]  [0.12491678 0.60891767]] [[0.56544311 0.09279315]  [0.09279315 0.64168053]],6,"{0: 248, 1: 0, 2: 3, 3: 250, 4: 249, 5: 250}",4,3,1
1000,2,250,1000,6,True,0.7323992439461928,4,4,[1.0079434  0.79551433] [3.98832009 3.84504028] [3.98322323 0.85053253] [0.99295858 3.77303348],[0.21185827 0.27340326 0.0010675  0.24836794 0.00106913 0.26423389],[[0.70961781 0.14023684]  [0.14023684 0.61315151]] [[0.89434237 0.09320311]  [0.09320311 0.77494432]] [[0.9200015  0.09792794]  [0.09792794 0.60282193]] [[0.75512325 0.09879131]  [0.09879131 0.99689526]],6,"{0: 223, 1: 267, 2: 0, 3: 246, 4: 0, 5: 264}",2,1,1
1000,3,250,1000,6,True,0.7869119031250754,4,4,[3.80392791 4.03769325] [0.85744577 4.04678103] [0.792248   1.03492584] [3.76449248 1.08190066],[0.25794205 0.00107181 0.00106984 0.23822243 0.21636284 0.28533102],[[0.94276161 0.23877073]  [0.23877073 0.70423273]] [[0.73801248 0.2161444 ]  [0.2161444  0.83023634]] [[0.59884469 0.19692695]  [0.19692695 0.73541835]] [[1.01580235 0.17764648]  [0.17764648 0.83082805]],6,"{0: 255, 1: 0, 2: 0, 3: 241, 4: 223, 5: 281}",2,1,1
1000,4,250,1000,6,True,0.7963111316693922,4,4,[0.95501069 0.95467036] [3.98727193 3.97914125] [0.94352267 3.92449695] [3.97023156 0.9769092 ],[0.24152555 0.2561395  0.24797195 0.0010655  0.00106405 0.25223345],[[0.67355671 0.16387515]  [0.16387515 0.78291515]] [[0.73791808 0.16629895]  [0.16629895 0.83294765]] [[0.64335444 0.14547607]  [0.14547607 0.84536899]] [[0.7668886  0.15129222]  [0.15129222 0.78259887]],6,"{0: 242, 1: 257, 2: 249, 3: 0, 4: 0, 5: 252}",2,1,1
1000,5,250,1000,6,True,0.7898593998072818,4,4,[4.07418323 3.93387379] [1.08696038 0.94499145] [1.08681254 3.92207338] [4.06632545 0.96646185],[0.2488977  0.25659905 0.26923759 0.22313525 0.00106493 0.00106547],[[0.59188497 0.02012956]  [0.02012956 0.86540704]] [[0.80600924 0.02870034]  [0.02870034 0.68553787]] [[0.73455358 0.00796003]  [0.00796003 0.79288658]] [[0.5683715  0.00408702]  [0.00408702 0.69220423]],6,"{0: 249, 1: 256, 2: 270, 3: 225, 4: 0, 5: 0}",2,1,1
1000,6,250,1000,6,True,0.7589180636386106,4,4,[3.9607411  4.02266787] [0.98283382 4.0072138 ] [3.96585015 1.05140612] [0.98839184 1.04549741],[0.25785084 0.00106916 0.2360971  0.24933135 0.00106895 0.25458261],[[0.94185774 0.04651706]  [0.04651706 0.74180731]] [[0.80649449 0.02493276]  [0.02493276 0.6861873 ]] [[0.92353052 0.04287058]  [0.04287058 0.71765553]] [[0.94587251 0.06153952]  [0.06153952 0.78939943]],6,"{0: 253, 1: 0, 2: 241, 3: 247, 4: 0, 5: 259}",2,1,1
1000,7,250,1000,6,True,0.8441748116673143,4,4,[1.14973386 0.98808824] [4.16539884 3.95688535] [1.17186449 3.96582798] [4.13909234 0.97503701],[0.25529312 0.24612191 0.24504955 0.25140617 0.00106599 0.00106325],[[0.68137261 0.07909711]  [0.07909711 0.71525897]] [[0.68469595 0.0996541 ]  [0.0996541  0.65754141]] [[0.68702094 0.0672631 ]  [0.0672631  0.6265278 ]] [[0.67488382 0.07289211]  [0.07289211 0.68867629]],6,"{0: 257, 1: 248, 2: 244, 3: 251, 4: 0, 5: 0}",2,1,1
1000,8,250,1000,6,True,0.7818194177275792,4,4,[0.95578748 4.05018263] [3.93820154 1.06011975] [3.94887189 4.0250375 ] [0.95144633 1.10020348],[0.23314314 0.25339763 0.25791765 0.2534091  0.00106796 0.00106452],[[0.65564939 0.0408065 ]  [0.0408065  0.82103776]] [[0.7578202  0.06638375]  [0.06638375 0.86529237]] [[0.79300149 0.07064268]  [0.07064268 0.88927883]] [[0.70396725 0.07497792]  [0.07497792 0.95937668]],6,"{0: 237, 1: 251, 2: 260, 3: 252, 4: 0, 5: 0}",2,1,1
1000,9,250,1000,6,True,0.7527192567904389,5,4,[1.02796526 4.2244438 ] [4.03419642 1.26007513] [4.00288534 4.25405943] [1.03119923 1.21485896] [5.08085557 2.50743439],[0.23642168 0.26883547 0.21379926 0.27354496 0.00106414 0.00633448],[[0.76193713 0.07042598]  [0.07042598 0.67589021]] [[0.58456576 0.07839007]  [0.07839007 1.06342157]] [[0.62053482 0.11885968]  [0.11885968 0.6728486 ]] [[0.67275906 0.0779471 ]  [0.0779471  0.95051799]] [[ 3.90026321 -0.02810809]  [-0.02810809  1.89168014]],6,"{0: 232, 1: 268, 2: 222, 3: 275, 4: 0, 5: 3}",2,1,1
1000,10,250,1000,6,True,0.7818894679493975,4,4,[3.98375202 1.04723819] [1.01485662 1.06049728] [3.99205967 4.0154133 ] [1.02101727 4.01962367],[0.00107108 0.25757151 0.22296716 0.28937851 0.00107141 0.22794032],[[0.90610003 0.00390759]  [0.00390759 0.67313137]] [[ 0.61496368 -0.00356799]  [-0.00356799  0.73072216]] [[0.97981095 0.02085686]  [0.02085686 0.85965674]] [[ 0.57606149 -0.03211041]  [-0.03211041  0.79365868]],6,"{0: 0, 1: 254, 2: 227, 3: 283, 4: 0, 5: 236}",2,1,1
1000,11,250,1000,6,True,0.7983428770730462,4,4,[4.05116681 3.91604803] [1.01619933 0.91543494] [1.06742369 3.91705583] [4.01375505 0.92724872],[0.24043882 0.24747552 0.27740103 0.2325528  0.00106801 0.00106381],[[0.6084821  0.08864961]  [0.08864961 0.78210112]] [[0.74045127 0.0495979 ]  [0.0495979  0.60902798]] [[0.85945804 0.03291573]  [0.03291573 0.77192014]] [[0.6086855  0.05980326]  [0.05980326 0.67496211]],6,"{0: 242, 1: 249, 2: 275, 3: 234, 4: 0, 5: 0}",2,1,1
1000,12,250,1000,6,True,0.7893339607099312,4,4,[3.86365113 3.96887047] [0.89148849 0.98789097] [0.89313179 3.99507203] [3.85976025 0.95423111],[0.2822127  0.23102483 0.00106651 0.23173514 0.25289679 0.00106403],[[ 0.88868072 -0.04568511]  [-0.04568511  0.82057903]] [[ 0.623039   -0.04735305]  [-0.04735305  0.64709877]] [[ 0.59307258 -0.06673304]  [-0.06673304  0.67707706]] [[ 0.84034772 -0.05795874]  [-0.05795874  0.59949505]],6,"{0: 277, 1: 232, 2: 0, 3: 234, 4: 257, 5: 0}",2,1,1
1000,13,250,1000,6,True,0.7638857339679849,6,5,[0.99786032 3.97074528] [4.04100642 1.03418797] [4.0020774  4.04946972] [1.87717762 0.42291814] [1.82681337 4.99912172] [0.95279614 1.04923052],[0.25476474 0.26123759 0.2167472  0.03572037 0.00711376 0.22441634],[[0.86935941 0.25357675]  [0.25357675 0.74245709]] [[0.76747169 0.19733819]  [0.19733819 0.98481338]] [[0.70366843 0.25632791]  [0.25632791 0.64533592]] [[0.52158067 0.30336175]  [0.30336175 1.75235971]] [[ 2.40345076 -0.79924365]  [-0.79924365  3.58751635]] [[0.80100535 0.31810286]  [0.31810286 0.63729619]],6,"{0: 251, 1: 262, 2: 226, 3: 13, 4: 4, 5: 244}",5,2,3
1000,14,250,1000,6,True,0.8203288281821783,4,4,[3.81058126 0.99311836] [0.94293735 3.99128937] [3.92304035 3.97511456] [0.84048651 1.02169749],[0.26598492 0.24565113 0.0010699  0.00106789 0.24618616 0.24004   ],[[0.76086278 0.06826641]  [0.06826641 0.84113313]] [[0.63640427 0.04367596]  [0.04367596 0.77216878]] [[0.64512786 0.05738269]  [0.05738269 0.77719045]] [[0.56510363 0.09638798]  [0.09638798 0.85146146]],6,"{0: 262, 1: 247, 2: 0, 3: 0, 4: 249, 5: 242}",2,1,1
1000,15,250,1000,6,True,0.7739870836758247,4,4,[0.83004437 3.89136346] [3.76341708 0.97310083] [3.78899045 3.9485529 ] [0.80383234 0.92181975],[0.23958362 0.26405483 0.28205872 0.2121698  0.00106617 0.00106686],[[0.72147507 0.00767857]  [0.00767857 0.75359192]] [[1.08631337 0.02273707]  [0.02273707 0.5882118 ]] [[1.02952706 0.03203198]  [0.03203198 0.72492437]] [[0.76369329 0.03600346]  [0.03600346 0.55986801]],6,"{0: 240, 1: 262, 2: 285, 3: 213, 4: 0, 5: 0}",2,1,1
1000,16,250,1000,6,True,0.8011246865252802,4,4,[0.99356876 1.03742983] [4.03087677 4.00780563] [3.97489822 1.0464418 ] [1.06566965 4.02757689],[0.00107108 0.00107275 0.23501359 0.24953768 0.26022234 0.25308255],[[0.67563816 0.13665125]  [0.13665125 0.73830638]] [[0.79156426 0.15381857]  [0.15381857 0.7599847 ]] [[0.84179708 0.11255322]  [0.11255322 0.75715471]] [[0.81797415 0.13726422]  [0.13726422 0.79286062]],6,"{0: 0, 1: 0, 2: 237, 3: 249, 4: 262, 5: 252}",2,1,1
1000,17,250,1000,6,True,0.8200739611815643,5,4,[4.06246321 1.07605375] [0.07488402 1.95832371] [1.0802816 1.0639697] [1.06014249 4.03472476] [4.04291179 4.05657738],[0.24665396 0.00417663 0.23682994 0.25744532 0.25382658 0.00106757],[[0.722483   0.09908589]  [0.09908589 0.79524311]] [[4.52472952 0.98008269]  [0.98008269 2.05899028]] [[0.67119768 0.10182249]  [0.10182249 0.73427113]] [[0.63688378 0.06952867]  [0.06952867 0.88826204]] [[0.65337836 0.10366813]  [0.10366813 0.86677798]],6,"{0: 250, 1: 2, 2: 238, 3: 253, 4: 257, 5: 0}",4,1,3
1000,18,250,1000,6,True,0.7639127881938564,4,4,[1.0645922  3.91926106] [4.11774622 1.0588216 ] [4.07653726 4.00662936] [1.10274017 0.97189567],[0.26424659 0.24969606 0.22460997 0.00106808 0.00106705 0.25931225],[[0.92638098 0.08904301]  [0.08904301 0.88885829]] [[0.70230087 0.08067647]  [0.08067647 0.93809091]] [[0.68909425 0.0933449 ]  [0.0933449  0.75105934]] [[0.89912608 0.1173145 ]  [0.1173145  0.87530362]],6,"{0: 265, 1: 248, 2: 224, 3: 0, 4: 0, 5: 263}",2,1,1
1000,19,250,1000,6,True,0.8153955478665932,4,4,[1.08994269 4.0703957 ] [1.04569094 1.08743445] [4.05579065 4.08557722] [4.01623709 1.11177572],[0.0010688  0.25481472 0.25476588 0.2338138  0.25447016 0.00106664],[[0.83485449 0.11510797]  [0.11510797 0.68590659]] [[0.77153851 0.13429867]  [0.13429867 0.73819896]] [[0.7144796  0.13286411]  [0.13286411 0.66474291]] [[0.75160857 0.10910082]  [0.10910082 0.76274306]],6,"{0: 0, 1: 254, 2: 259, 3: 236, 4: 251, 5: 0}",2,1,1
10000,0,250,1000,6,True,0.784142495816116,4,4,[4.00036519 1.05756296] [0.98588168 4.01186799] [1.01269043 1.0196576 ] [3.97732347 4.07194665],[0.24584087 0.25445013 0.22884656 0.00106604 0.26873099 0.0010654 ],[[0.83106885 0.07528072]  [0.07528072 0.71673108]] [[0.70846813 0.06890236]  [0.06890236 0.81483258]] [[0.74326763 0.09811823]  [0.09811823 0.59315537]] [[0.86101228 0.10656217]  [0.10656217 0.85499966]],6,"{0: 247, 1: 249, 2: 235, 3: 0, 4: 269, 5: 0}",2,1,1
10000,1,250,1000,6,True,0.8762699575267301,5,4,[1.05357761 1.04710096] [2.466137   5.03530091] [4.04211973 1.05104742] [4.05244108 4.04918442] [1.06110418 4.04496454],[0.25185353 0.00106702 0.00556921 0.25258739 0.24217432 0.24674852],[[0.5706887  0.12101917]  [0.12101917 0.69268688]] [[ 1.80653362 -0.10343583]  [-0.10343583  4.03787292]] [[0.56599893 0.11482142]  [0.11482142 0.7055626 ]] [[0.5573663  0.12487348]  [0.12487348 0.60925058]] [[0.56572726 0.09281473]  [0.09281473 0.64301481]],6,"{0: 248, 1: 0, 2: 2, 3: 250, 4: 249, 5: 251}",4,3,1
10000,2,250,1000,6,True,0.7326221163265788,4,4,[1.00663047 0.79386888] [3.99051747 3.84546541] [3.98175654 0.85087505] [0.99496637 3.77112597],[0.21105335 0.27270919 0.00106717 0.24874024 0.00106791 0.26536215],[[0.70827241 0.14046183]  [0.14046183 0.61151985]] [[0.89164579 0.09337674]  [0.09337674 0.7739494 ]] [[0.92190438 0.09808818]  [0.09808818 0.6033493 ]] [[0.75730832 0.09905049]  [0.09905049 0.99990622]],6,"{0: 223, 1: 266, 2: 0, 3: 246, 4: 0, 5: 265}",2,1,1
10000,3,250,1000,6,True,0.7916110886057701,4,4,[3.80534286 4.03930012] [0.85854885 4.04704127] [0.79181542 1.0351519 ] [3.76380213 1.08350376],[0.25705893 0.00107061 0.00106917 0.23834726 0.21642267 0.28603136],[[0.94115695 0.23851174]  [0.23851174 0.70227345]] [[0.73916956 0.21609283]  [0.21609283 0.82992021]] [[0.59850515 0.19687628]  [0.19687628 0.73577173]] [[1.01660918 0.17737397]  [0.17737397 0.83270616]],6,"{0: 253, 1: 0, 2: 0, 3: 242, 4: 223, 5: 282}",2,1,1
10000,4,250,1000,6,True,0.7963111316693922,4,4,[0.95431257 0.95413948] [3.98738027 3.980653  ] [0.94359246 3.9237784 ] [3.96939356 0.97826141],[0.24099258 0.25568415 0.24807346 0.00106628 0.00106553 0.25311799],[[0.67268778 0.16417515]  [0.16417515 0.78218838]] [[0.73774243 0.16634401]  [0.16634401 0.83111614]] [[0.64354968 0.14555562]  [0.14555562 0.84628023]] [[0.76807905 0.1515578 ]  [0.1515578  0.78439093]],6,"{0: 242, 1: 257, 2: 249, 3: 0, 4: 0, 5: 252}",2,1,1
10000,5,250,1000,6,True,0.7943926449662845,4,4,[4.07447957 3.93533011] [1.08640738 0.94468739] [1.08716852 3.92179358] [4.06588273 0.96786494],[0.24840995 0.25637953 0.26941289 0.22366106 0.0010671  0.00106948],[[0.59147028 0.0202022 ]  [0.0202022  0.86355837]] [[0.80528709 0.02865658]  [0.02865658 0.68521067]] [[0.73500539 0.00798126]  [0.00798126 0.79326217]] [[0.56896695 0.00414631]  [0.00414631 0.69371668]],6,"{0: 248, 1: 255, 2: 270, 3: 227, 4: 0, 5: 0}",2,1,1
10000,6,250,1000,6,True,0.7565719537466016,4,4,[3.96115041 4.02416731] [0.98331776 4.00878552] [3.9698778  1.05321315] [0.992204   1.04681105],[0.25717776 0.001068   0.2358094  0.24895939 0.00106879 0.25591666],[[0.94138976 0.04650626]  [0.04650626 0.74011773]] [[0.80671167 0.02473022]  [0.02473022 0.68429426]] [[0.9187512  0.04244546]  [0.04244546 0.71940231]] [[0.95039968 0.06099785]  [0.06099785 0.7911794 ]],6,"{0: 253, 1: 0, 2: 240, 3: 247, 4: 0, 5: 260}",2,1,1
10000,7,250,1000,6,True,0.8417497046100113,4,4,[1.14923708 0.98766148] [4.16557264 3.95729399] [1.17199217 3.96542016] [4.13855096 0.97546625],[0.25492315 0.24594141 0.24520103 0.25179818 0.0010698  0.00106643],[[0.68073927 0.07913156]  [0.07913156 0.71475208]] [[0.68450494 0.09964656]  [0.09964656 0.65706203]] [[0.68722438 0.06731806]  [0.06731806 0.62701398]] [[0.67554792 0.07286191]  [0.07286191 0.68919382]],6,"{0: 256, 1: 248, 2: 244, 3: 252, 4: 0, 5: 0}",2,1,1
10000,8,250,1000,6,True,0.7818194177275792,4,4,[0.95556354 4.05281886] [3.93881914 1.05944406] [3.94850781 4.0243466 ] [0.95190078 1.10286878],[0.23244061 0.25307646 0.25815741 0.25418776 0.00107011 0.00106765],[[0.65514382 0.0405498 ]  [0.0405498  0.81813333]] [[0.7569961  0.06622972]  [0.06622972 0.86426446]] [[0.7934864  0.07060169]  [0.07060169 0.89008513]] [[0.70462072 0.07460704]  [0.07460704 0.96282572]],6,"{0: 237, 1: 251, 2: 260, 3: 252, 4: 0, 5: 0}",2,1,1
10000,9,250,1000,6,True,0.7527192567904389,5,4,[1.02758359 4.22540295] [4.0343943  1.25960045] [4.00254619 4.25373338] [1.03154919 1.21590443] [5.07486598 2.50527654],[0.23600183 0.26857582 0.21393506 0.27400824 0.00106619 0.00641286],[[0.76159391 0.0705146 ]  [0.0705146  0.67488685]] [[0.58391211 0.07840765]  [0.07840765 1.06286765]] [[0.62077489 0.11889127]  [0.11889127 0.67312734]] [[0.67312029 0.07800514]  [0.07800514 0.95185466]] [[ 3.89154559 -0.02939748]  [-0.02939748  1.89289184]],6,"{0: 232, 1: 268, 2: 222, 3: 275, 4: 0, 5: 3}",2,1,1
10000,10,250,1000,6,True,0.7818894679493975,4,4,[3.98406056 1.04639193] [1.01521016 1.05868205] [3.99315042 4.01448139] [1.02185598 4.01783663],[0.00106928 0.25709931 0.22264054 0.28939545 0.00107063 0.2287248 ],[[0.90555836 0.00377111]  [0.00377111 0.67216983]] [[ 0.61524849 -0.00353317]  [-0.00353317  0.7286167 ]] [[0.97833335 0.02079494]  [0.02079494 0.86091223]] [[ 0.57700145 -0.03199527]  [-0.03199527  0.79574067]],6,"{0: 0, 1: 254, 2: 227, 3: 283, 4: 0, 5: 236}",2,1,1
10000,11,250,1000,6,True,0.7983428770730462,4,4,[4.05139049 3.91706471] [1.01567642 0.91525479] [1.06790059 3.9168592 ] [4.01350474 0.92821855],[0.24000651 0.24727803 0.27757319 0.23300697 0.0010683  0.00106699],[[0.60800079 0.08897898]  [0.08897898 0.78076773]] [[0.73979654 0.04957837]  [0.04957837 0.60881719]] [[0.86007667 0.03291692]  [0.03291692 0.77224443]] [[0.60928389 0.06013436]  [0.06013436 0.67610245]],6,"{0: 242, 1: 249, 2: 275, 3: 234, 4: 0, 5: 0}",2,1,1
10000,12,250,1000,6,True,0.7893339607099312,4,4,[3.86454346 3.96966076] [0.89062087 0.98765116] [0.89396649 3.99477361] [3.85885201 0.95486928],[0.2816164  0.2306876  0.00106648 0.23206572 0.25349723 0.00106657],[[ 0.88736663 -0.04551068]  [-0.04551068  0.81927902]] [[ 0.62214555 -0.04730056]  [-0.04730056  0.64672435]] [[ 0.5938748  -0.06671208]  [-0.06671208  0.67773044]] [[ 0.84165354 -0.05779174]  [-0.05779174  0.60023986]],6,"{0: 277, 1: 232, 2: 0, 3: 234, 4: 257, 5: 0}",2,1,1
10000,13,250,1000,6,True,0.7638857339679849,6,5,[0.99705863 3.97099698] [4.04203675 1.03448053] [4.00189078 4.04911531] [1.88118289 0.41448143] [1.87280768 5.00957017] [0.95503198 1.05074081],[0.25388178 0.26093121 0.21652194 0.03533    0.00760286 0.22573221],[[0.86789095 0.2517554 ]  [0.2517554  0.73577466]] [[0.76634964 0.19755377]  [0.19755377 0.98530548]] [[0.70373791 0.25666719]  [0.25666719 0.64289561]] [[0.52458038 0.30640128]  [0.30640128 1.75329362]] [[ 2.42174669 -0.74638313]  [-0.74638313  3.51814936]] [[0.8027001  0.31772656]  [0.31772656 0.6393615 ]],6,"{0: 251, 1: 262, 2: 226, 3: 13, 4: 4, 5: 244}",5,2,3
10000,14,250,1000,6,True,0.8203288281821783,4,4,[3.81170906 0.99133725] [0.94246616 3.99302954] [3.9223617  3.97339343] [0.84154509 1.02362064],[0.2651458  0.24505101 0.00106989 0.00106821 0.24677687 0.24088822],[[0.75938579 0.06835398]  [0.06835398 0.83902381]] [[0.63581825 0.04361184]  [0.04361184 0.77026113]] [[0.6459301  0.05761199]  [0.05761199 0.77906907]] [[0.56621223 0.09648329]  [0.09648329 0.85370595]],6,"{0: 262, 1: 247, 2: 0, 3: 0, 4: 249, 5: 242}",2,1,1
10000,15,250,1000,6,True,0.7739870836758247,4,4,[0.82893466 3.89205049] [3.76532356 0.97280965] [3.78783242 3.94823556] [0.80577383 0.9225699 ],[0.23909615 0.26361596 0.28237067 0.21277927 0.00106836 0.0010696 ],[[0.72040357 0.00777298]  [0.00777298 0.75273826]] [[1.08393388 0.02277695]  [0.02277695 0.58792809]] [[1.03099383 0.03210859]  [0.03210859 0.72526659]] [[0.76562343 0.03625821]  [0.03625821 0.56060472]],6,"{0: 240, 1: 262, 2: 285, 3: 213, 4: 0, 5: 0}",2,1,1
10000,16,250,1000,6,True,0.8011246865252802,4,4,[0.99301151 1.03630974] [4.0317993  4.00808429] [3.97431653 1.04689037] [1.06660636 4.02662353],[0.00106916 0.00107059 0.23454762 0.2492163  0.26044507 0.25365126],[[0.67486302 0.13663425]  [0.13663425 0.73709435]] [[0.79053187 0.15403355]  [0.15403355 0.75946215]] [[0.84255826 0.1124811 ]  [0.1124811  0.75762007]] [[0.81925657 0.13754521]  [0.13754521 0.79422242]],6,"{0: 0, 1: 0, 2: 237, 3: 249, 4: 262, 5: 252}",2,1,1
10000,17,250,1000,6,True,0.8200739611815643,5,4,[4.06301653 1.07405115] [0.0724521  1.95873616] [1.08083391 1.06358688] [1.05998872 4.03430727] [4.04286216 4.05451677],[0.24591457 0.00414816 0.23683132 0.25757428 0.25446035 0.00107132],[[0.72168442 0.09893594]  [0.09893594 0.79286843]] [[4.52840067 0.97823761]  [0.97823761 2.0578431 ]] [[0.67220101 0.10183   ]  [0.10183    0.73397789]] [[0.63674706 0.06951446]  [0.06951446 0.88874224]] [[0.65368807 0.10348873]  [0.10348873 0.86927409]],6,"{0: 250, 1: 2, 2: 238, 3: 253, 4: 257, 5: 0}",4,1,3
10000,18,250,1000,6,True,0.763891421385086,4,4,[1.06405571 3.92427044] [4.11914283 1.05782131] [4.07563222 4.005686  ] [1.10376915 0.97685527],[0.26289469 0.24910949 0.22489669 0.00106878 0.00106853 0.26096183],[[0.92437293 0.08815442]  [0.08815442 0.88278425]] [[0.70083995 0.08076852]  [0.08076852 0.93674158]] [[0.6900132  0.09335712]  [0.09335712 0.75223843]] [[0.9021079  0.11643077]  [0.11643077 0.88087579]],6,"{0: 263, 1: 248, 2: 224, 3: 0, 4: 0, 5: 265}",2,1,1
10000,19,250,1000,6,True,0.740454696591198,5,5,[0.81033251 3.75737986] [1.05198697 1.05652538] [4.09956375 4.07806984] [4.02105511 1.10869656] [1.44752777 4.2562725 ],[0.00106843 0.12401104 0.24924247 0.22532456 0.25339753 0.14695597],[[0.68600221 0.02393857]  [0.02393857 0.79615709]] [[0.78375163 0.13708367]  [0.13708367 0.70759704]] [[0.67481234 0.13979387]  [0.13979387 0.6742536 ]] [[0.74841121 0.11032605]  [0.11032605 0.76066447]] [[0.96711112 0.05349469]  [0.05349469 0.60897   ]],6,"{0: 0, 1: 110, 2: 259, 3: 234, 4: 250, 5: 147}",3,2,1
100000,0,250,1000,6,True,0.784142495816116,4,4,[4.00045475 1.05747082] [0.98578519 4.01187816] [1.01277648 1.01967195] [3.97722337 4.07185035],[0.24577243 0.25441212 0.22886706 0.00106625 0.26881641 0.00106573],[[0.83094984 0.07527615]  [0.07527615 0.71663704]] [[0.70835539 0.06888603]  [0.06888603 0.81480496]] [[0.74336683 0.09811282]  [0.09811282 0.59316405]] [[0.86114217 0.10654808]  [0.10654808 0.85512812]],6,"{0: 247, 1: 249, 2: 235, 3: 0, 4: 269, 5: 0}",2,1,1
100000,1,250,1000,6,True,0.8762699575267301,5,4,[1.05352937 1.04696887] [2.46645962 5.036524  ] [4.04207029 1.05101251] [4.05244609 4.04916567] [1.06113579 4.04486387],[0.25176093 0.00106683 0.00555397 0.2525908  0.24220313 0.24682434],[[0.57062503 0.12101804]  [0.12101804 0.69250632]] [[ 1.8060256  -0.10291499]  [-0.10291499  4.0404951 ]] [[0.5660593  0.11482556]  [0.11482556 0.7055292 ]] [[0.55736325 0.12486396]  [0.12486396 0.60931449]] [[0.56577504 0.09282124]  [0.09282124 0.6432556 ]],6,"{0: 248, 1: 0, 2: 2, 3: 250, 4: 249, 5: 251}",4,3,1
100000,2,250,1000,6,True,0.7326221163265788,4,4,[1.00655996 0.79360952] [3.99083919 3.84548732] [3.98168272 0.85088771] [0.99525722 3.77082357],[0.21095211 0.27261793 0.00106713 0.2487688  0.00106888 0.26552515],[[0.70820968 0.14048161]  [0.14048161 0.61126321]] [[0.89124022 0.09339065]  [0.09339065 0.77387757]] [[0.9220018  0.09810313]  [0.09810313 0.60337744]] [[0.75761251 0.09907078]  [0.09907078 1.00035841]],6,"{0: 223, 1: 266, 2: 0, 3: 246, 4: 0, 5: 265}",2,1,1
100000,3,250,1000,6,True,0.7916110886057701,4,4,[3.80557718 4.03959781] [0.85872886 4.04708954] [0.79170622 1.03518501] [3.76364128 1.08380881],[0.25690859 0.00107003 0.00106906 0.23836999 0.21642762 0.2861547 ],[[0.94089971 0.23846339]  [0.23846339 0.70191166]] [[0.7393591  0.21608504]  [0.21608504 0.82986397]] [[0.59841185 0.19685676]  [0.19685676 0.73583209]] [[1.01680067 0.17731331]  [0.17731331 0.83306022]],6,"{0: 253, 1: 0, 2: 0, 3: 242, 4: 223, 5: 282}",2,1,1
100000,4,250,1000,6,True,0.7987051227863006,4,4,[0.95429485 0.95402735] [3.9874829  3.98091488] [0.94369391 3.92364833] [3.96938642 0.97850804],[0.24092924 0.25560209 0.24810841 0.00106683 0.00106573 0.25322769],[[0.67268674 0.16417448]  [0.16417448 0.78206221]] [[0.73758563 0.1663359 ]  [0.1663359  0.8308242 ]] [[0.64365433 0.145528  ]  [0.145528   0.84642109]] [[0.76810556 0.15157463]  [0.15157463 0.78469184]],6,"{0: 242, 1: 256, 2: 249, 3: 0, 4: 0, 5: 253}",2,1,1
100000,5,250,1000,6,True,0.7943926449662845,4,4,[4.07457301 3.93552669] [1.08635512 0.94456169] [1.0872775  3.92166471] [4.06583971 0.96806098],[0.24832973 0.25633814 0.2694657  0.22373041 0.00106735 0.00106868],[[0.59135102 0.02021782]  [0.02021782 0.86330985]] [[0.80522646 0.02865243]  [0.02865243 0.68506955]] [[0.73514677 0.00799153]  [0.00799153 0.79343417]] [[0.56903481 0.00415548]  [0.00415548 0.69393139]],6,"{0: 248, 1: 255, 2: 270, 3: 227, 4: 0, 5: 0}",2,1,1
100000,6,250,1000,6,True,0.7542816112678385,4,4,[3.96131934 4.0243887 ] [0.98348661 4.00895059] [3.97029534 1.05345944] [0.99259956 1.04695538],[0.25705944 0.00106785 0.23579745 0.24893613 0.00106915 0.25606999],[[0.94118664 0.04649283]  [0.04649283 0.73987979]] [[0.80686608 0.02470168]  [0.02470168 0.68408425]] [[0.91825287 0.04240082]  [0.04240082 0.71965294]] [[0.95086659 0.06094322]  [0.06094322 0.79137373]],6,"{0: 253, 1: 0, 2: 240, 3: 246, 4: 0, 5: 261}",2,1,1
100000,7,250,1000,6,True,0.8417497046100113,4,4,[1.14908664 0.98763295] [4.16558553 3.95747379] [1.17199595 3.96539027] [4.13837964 0.97565992],[0.25486032 0.2459001  0.24521657 0.2518884  0.00106783 0.00106679],[[0.68055589 0.07912802]  [0.07912802 0.71473285]] [[0.68450668 0.099631  ]  [0.099631   0.65684931]] [[0.68723472 0.06731922]  [0.06731922 0.62705213]] [[0.67575186 0.0728364 ]  [0.0728364  0.6894228 ]],6,"{0: 256, 1: 248, 2: 244, 3: 252, 4: 0, 5: 0}",2,1,1
100000,8,250,1000,6,True,0.7818194177275792,4,4,[0.95551844 4.05315857] [3.93888758 1.05934463] [3.94844432 4.02424807] [0.95194676 1.10321034],[0.23234221 0.25303484 0.25819586 0.25428824 0.00107083 0.00106801],[[0.65505954 0.04051561]  [0.04051561 0.81775786]] [[0.75690289 0.06621039]  [0.06621039 0.86411762]] [[0.79357041 0.07059542]  [0.07059542 0.8901989 ]] [[0.70468973 0.07455809]  [0.07455809 0.96326566]],6,"{0: 237, 1: 251, 2: 260, 3: 252, 4: 0, 5: 0}",2,1,1
100000,9,250,1000,6,True,0.7527192567904389,5,4,[1.02751589 4.2255451 ] [4.03441997 1.25954505] [4.00249043 4.25368397] [1.0315814  1.21606281] [5.07502523 2.50526677],[0.23593655 0.26855012 0.21396041 0.27407238 0.00106644 0.0064141 ],[[0.7615293  0.07052603]  [0.07052603 0.67473814]] [[0.58388288 0.07841286]  [0.07841286 1.06279753]] [[0.62083881 0.11888958]  [0.11888958 0.67316855]] [[0.67314925 0.07801371]  [0.07801371 0.95206072]] [[ 3.89143661 -0.02949638]  [-0.02949638  1.89288952]],6,"{0: 232, 1: 268, 2: 222, 3: 275, 4: 0, 5: 3}",2,1,1
100000,10,250,1000,6,True,0.7818894679493975,4,4,[3.98417294 1.04628698] [1.01532004 1.05846891] [3.99331881 4.01437184] [1.02198202 4.01762617],[0.00106901 0.25702268 0.22261334 0.2893964  0.00107139 0.22882717],[[0.90538532 0.00374826]  [0.00374826 0.67204577]] [[ 0.61535122 -0.00353007]  [-0.00353007  0.72837138]] [[0.97810744 0.02077623]  [0.02077623 0.86106259]] [[ 0.57713813 -0.03198408]  [-0.03198408  0.79598152]],6,"{0: 0, 1: 254, 2: 227, 3: 283, 4: 0, 5: 236}",2,1,1
100000,11,250,1000,6,True,0.7983428770730462,4,4,[4.05148501 3.91713258] [1.0156326  0.91521765] [1.06801559 3.91681973] [4.01348099 0.92827575],[0.23994797 0.24725513 0.27760856 0.23305142 0.00106957 0.00106735],[[0.60788912 0.08898359]  [0.08898359 0.78068732]] [[0.73974909 0.04956535]  [0.04956535 0.60877758]] [[0.86022094 0.03290274]  [0.03290274 0.77229062]] [[0.60932265 0.06014388]  [0.06014388 0.67616369]],6,"{0: 242, 1: 249, 2: 275, 3: 234, 4: 0, 5: 0}",2,1,1
100000,12,250,1000,6,True,0.7893339607099312,4,4,[3.8647245  3.96986063] [0.89049714 0.98763068] [0.89413593 3.9947484 ] [3.85873019 0.95503486],[0.281503   0.2306413  0.00106648 0.23212389 0.25359829 0.00106703],[[ 0.88709085 -0.04545429]  [-0.04545429  0.81894125]] [[ 0.62201463 -0.04728385]  [-0.04728385  0.64667991]] [[ 0.59404268 -0.06669434]  [-0.06669434  0.67783858]] [[ 0.8418454  -0.05774756]  [-0.05774756  0.60043284]],6,"{0: 277, 1: 232, 2: 0, 3: 234, 4: 257, 5: 0}",2,1,1
100000,13,250,1000,6,True,0.7638857339679849,6,5,[0.99697596 3.97105235] [4.04210823 1.0344583 ] [4.00183985 4.04905781] [1.88171695 0.41206288] [1.87712648 5.01021751] [0.95550253 1.05094435],[0.25377184 0.26089758 0.2165084  0.03521393 0.00765494 0.22595331],[[0.86772223 0.25155422]  [0.25155422 0.7350411 ]] [[0.76629295 0.19762984]  [0.19762984 0.98534837]] [[0.70377654 0.25671408]  [0.25671408 0.64267812]] [[0.52502841 0.30707776]  [0.30707776 1.75346168]] [[ 2.42311728 -0.74155663]  [-0.74155663  3.51118529]] [[0.8029908  0.31766256]  [0.31766256 0.63967746]],6,"{0: 251, 1: 262, 2: 226, 3: 13, 4: 4, 5: 244}",5,2,3
100000,14,250,1000,6,True,0.8203288281821783,4,4,[3.81186469 0.99105417] [0.9423943  3.99325338] [3.92226071 3.97312033] [0.84169075 1.0238675 ],[0.26501883 0.24496958 0.00107019 0.00106826 0.24686931 0.24100382],[[0.75918223 0.06836589]  [0.06836589 0.83868671]] [[0.63573001 0.04360485]  [0.04360485 0.77001741]] [[0.64604926 0.05764618]  [0.05764618 0.77936872]] [[0.56636461 0.09649634]  [0.09649634 0.85399193]],6,"{0: 262, 1: 247, 2: 0, 3: 0, 4: 249, 5: 242}",2,1,1
100000,15,250,1000,6,True,0.7739870836758247,4,4,[0.82877398 3.89214483] [3.76564482 0.9728213 ] [3.78767052 3.94825395] [0.80609028 0.92267901],[0.23902412 0.2635578  0.28240676 0.21287177 0.00106862 0.00107093],[[0.72024455 0.00778002]  [0.00778002 0.75261583]] [[1.08352817 0.02278696]  [0.02278696 0.58794956]] [[1.03119239 0.03211322]  [0.03211322 0.72523813]] [[0.76593749 0.03629673]  [0.03629673 0.56070974]],6,"{0: 240, 1: 262, 2: 285, 3: 213, 4: 0, 5: 0}",2,1,1
100000,16,250,1000,6,True,0.8011246865252802,4,4,[0.99291573 1.03623883] [4.03190522 4.00821642] [3.9742118  1.04702388] [1.06669571 4.02656787],[0.00106883 0.0010714  0.23449295 0.24916803 0.26049185 0.25370694],[[0.67475619 0.13660946]  [0.13660946 0.73703497]] [[0.7904238  0.15400948]  [0.15400948 0.75929887]] [[0.84267491 0.11244177]  [0.11244177 0.75775402]] [[0.81935923 0.13753963]  [0.13753963 0.7942918 ]],6,"{0: 0, 1: 0, 2: 237, 3: 249, 4: 262, 5: 252}",2,1,1
100000,17,250,1000,6,True,0.8224838676434659,5,4,[4.06310235 1.07374833] [0.07236793 1.95880667] [1.08092019 1.06351937] [1.0599857  4.03423989] [4.04287585 4.05420788],[0.24579864 0.00414561 0.23683281 0.25759901 0.2545514  0.00107253],[[0.72155385 0.09890154]  [0.09890154 0.79250215]] [[4.52875959 0.97800462]  [0.97800462 2.05769401]] [[0.67234493 0.10181661]  [0.10181661 0.73392629]] [[0.63674081 0.06950087]  [0.06950087 0.88881606]] [[0.65371414 0.10345044]  [0.10345044 0.86965049]],6,"{0: 249, 1: 2, 2: 239, 3: 253, 4: 257, 5: 0}",4,1,3
100000,18,250,1000,6,True,0.763891421385086,4,4,[1.06403283 3.9250401 ] [4.11940497 1.05769494] [4.07553004 4.00556861] [1.10396463 0.97761994],[0.26269456 0.24901791 0.22493505 0.00106884 0.00106873 0.26121492],[[0.92409645 0.08797348]  [0.08797348 0.88184793]] [[0.70056214 0.08077132]  [0.08077132 0.93655567]] [[0.6901143  0.09334831]  [0.09334831 0.75239493]] [[0.90266819 0.1162537 ]  [0.1162537  0.88174695]],6,"{0: 263, 1: 248, 2: 224, 3: 0, 4: 0, 5: 265}",2,1,1
100000,19,250,1000,6,True,0.8153955478665932,4,4,[1.04427487 1.08781768] [4.0559389  4.08555673] [4.01485623 1.1118318 ] [1.09012664 4.07086412],[0.00106715 0.0010694  0.25451063 0.23385681 0.25498241 0.25451361],[[0.76980343 0.13418203]  [0.13418203 0.73888498]] [[0.71433736 0.13289434]  [0.13289434 0.66474817]] [[0.75321036 0.10898674]  [0.10898674 0.76259136]] [[0.8351424  0.11511438]  [0.11511438 0.68536777]],6,"{0: 0, 1: 0, 2: 259, 3: 236, 4: 251, 5: 254}",2,1,1
