,Concentration,Seed,NumSamples,MaxIters,MaxCats,Converged,ARI,NumCats,NumBigCats,Means,Weights,Covs,NumLargeWeights,CategoryCounts,NumNasalSplits,NumHighSplits,NumLowSplits
0,1.6e-07,0,250,1000,6,True,0.5348334603248921,4,4,[3.90205209 1.05226801] [4.02269919 4.06808067] [0.94216842 0.83307744] [1.01165947 3.84842879],[0.24716673 0.28656229 0.00107088 0.184517   0.00106426 0.27961885],[[1.67000873 0.33660582]  [0.33660582 1.36315093]] [[1.74105234 0.50978055]  [0.50978055 1.76760039]] [[1.49306559 0.43437919]  [0.43437919 1.06486086]] [[1.36124802 0.3672275 ]  [0.3672275  1.74065481]],6,"{0: 244, 1: 278, 2: 0, 3: 192, 4: 0, 5: 286}",2,1,1
1,1.6e-07,1,250,1000,6,True,0.6376029243741538,4,4,[1.07365929 1.04867858] [4.00452454 1.22416869] [1.11125347 4.00706846] [4.08459516 4.2285344 ],[2.27010331e-01 2.96022061e-01 2.72261147e-01 2.04706462e-01 1.58529569e-10 2.53647274e-17],[[1.09033601 0.58597591]  [0.58597591 1.33137975]] [[1.24751843 0.56776452]  [0.56776452 1.66568536]] [[1.26186847 0.60652354]  [0.60652354 1.70314296]] [[1.13769639 0.52917414]  [0.52917414 1.05310699]],4,"{0: 230, 1: 290, 2: 264, 3: 216, 4: 0, 5: 0}",2,1,1
2,1.6e-07,2,250,1000,6,True,0.4689429885467177,5,5,[0.64855773 2.63711065] [3.90848279 3.75634995] [1.03520878 3.88540758] [3.80827909 0.70270063] [0.70196123 0.40106216],[8.13799223e-02 3.24283693e-01 1.93870061e-01 2.49282605e-01 1.51183719e-01 1.57964962e-10],[[ 1.57293231 -0.00161468]  [-0.00161468  0.50574004]] [[1.77099751 0.32676947]  [0.32676947 1.59875943]] [[1.11405189 0.13603299]  [0.13603299 1.81420111]] [[1.91354419 0.46092999]  [0.46092999 1.122734  ]] [[1.26000794 0.41743941]  [0.41743941 0.93244882]],5,"{0: 68, 1: 322, 2: 190, 3: 252, 4: 168, 5: 0}",2,1,1
3,1.6e-07,3,250,1000,6,True,0.5274381597941868,4,4,[3.66322593 4.10771277] [0.47528402 0.89110299] [3.50699343 1.16273776] [0.74923316 3.94699489],[2.65680980e-01 1.61038216e-01 3.40900244e-01 2.32380560e-01 1.58665690e-10 2.53865066e-17],[[1.90736133 0.68874007]  [0.68874007 1.41628865]] [[1.08692608 0.56641762]  [0.56641762 1.33181889]] [[2.1067454  0.63694204]  [0.63694204 1.70987319]] [[1.36211698 0.57921137]  [0.57921137 1.70408185]],4,"{0: 268, 1: 167, 2: 330, 3: 235, 4: 0, 5: 0}",2,1,1
4,1.6e-07,4,250,1000,6,True,0.5450489611039451,5,5,[0.89971828 0.99144576] [4.02080174 4.08853738] [0.275438   2.70814465] [3.87086386 0.97624382] [1.07039538 4.11870712],[0.23760587 0.25583437 0.00107109 0.05084168 0.26513986 0.18950713],[[1.47909664 0.62974911]  [0.62974911 1.66719925]] [[1.46212436 0.51979441]  [0.51979441 1.58413958]] [[ 2.06794222 -0.10999176]  [-0.10999176  1.15428193]] [[1.69539207 0.59582147]  [0.59582147 1.55953008]] [[0.85259981 0.33224034]  [0.33224034 1.49151108]],6,"{0: 260, 1: 246, 2: 0, 3: 21, 4: 266, 5: 207}",2,1,1
5,1.6e-07,5,250,1000,6,True,0.5397325689649602,4,4,[4.22776199 3.85651752] [1.27107276 0.92760635] [4.22899992 0.85824873] [1.2000516  3.90741212],[0.2490551  0.29224396 0.00107291 0.1727177  0.00106442 0.28384592],[[1.10262579 0.25933411]  [0.25933411 1.74120495]] [[1.74555551 0.30495329]  [0.30495329 1.35584545]] [[0.94819172 0.2355723 ]  [0.2355723  1.22764654]] [[1.42435317 0.26572847]  [0.26572847 1.44887996]],6,"{0: 252, 1: 296, 2: 0, 3: 173, 4: 0, 5: 279}",2,1,1
6,1.6e-07,6,250,1000,6,True,0.4976368756226695,4,4,[3.87427707 4.06945394] [3.78983877 1.07668678] [0.88136765 3.92232808] [0.79822741 0.96303427],[2.80344831e-01 2.75562822e-01 2.22425450e-01 2.21666897e-01 1.58548843e-10 2.53678111e-17],[[1.90532274 0.35509403]  [0.35509403 1.44896187]] [[1.95558038 0.3723828 ]  [0.3723828  1.36775483]] [[1.36324143 0.27044548]  [0.27044548 1.34918773]] [[1.79026133 0.44261376]  [0.44261376 1.46988345]],4,"{0: 277, 1: 274, 2: 226, 3: 223, 4: 0, 5: 0}",2,1,1
7,1.6e-07,7,250,1000,6,True,0.6139428139977076,4,4,[4.26087591 3.97010478] [1.26708646 3.90166742] [1.14526899 0.92463778] [4.12333076 0.9770855 ],[1.07510770e-03 2.44141480e-01 2.58903705e-01 2.39298724e-01 2.56580983e-01 1.58535115e-10],[[1.39777246 0.44288613]  [0.44288613 1.33001642]] [[1.38037274 0.34910711]  [0.34910711 1.28888423]] [[1.30652376 0.38247916]  [0.38247916 1.29406477]] [[1.3731967  0.39611072]  [0.39611072 1.34194968]],5,"{0: 0, 1: 241, 2: 259, 3: 244, 4: 256, 5: 0}",2,1,1
8,1.6e-07,8,250,1000,6,True,0.5019016231471581,5,5,[1.00273735 4.18303673] [3.82873418 1.12200099] [3.9798073  4.18368786] [0.83715285 0.69901984] [0.86656198 2.0996844 ],[2.20270668e-01 2.84536197e-01 2.42045435e-01 1.68873413e-01 8.42742874e-02 1.56844548e-10],[[1.2218684  0.25099515]  [0.25099515 1.35143361]] [[1.63108007 0.52358036]  [0.52358036 1.75712328]] [[1.48345807 0.39621967]  [0.39621967 1.60760175]] [[1.33483171 0.59996533]  [0.59996533 1.51272057]] [[1.69045555 0.17965496]  [0.17965496 0.44608395]],5,"{0: 218, 1: 295, 2: 232, 3: 158, 4: 97, 5: 0}",3,1,2
9,1.6e-07,9,250,1000,6,True,0.5118792936592137,4,4,[1.25933464 4.28218023] [3.94682255 1.51614029] [4.19529159 4.51404016] [0.92256675 1.1881704 ],[2.73541660e-01 3.36122243e-01 1.48142977e-01 2.42193120e-01 1.58562236e-10 2.53699540e-17],[[1.78685395 0.50302403]  [0.50302403 1.46473966]] [[1.58738695 0.54609529]  [0.54609529 2.20760908]] [[1.15553838 0.54302111]  [0.54302111 1.12609309]] [[1.16528137 0.36402876]  [0.36402876 1.59991701]],4,"{0: 277, 1: 323, 2: 153, 3: 247, 4: 0, 5: 0}",2,1,1
10,1.6e-07,10,250,1000,6,True,0.449260977103254,5,5,[3.73233404 0.94218484] [0.83204815 1.34213797] [4.46673192 3.57771588] [3.5332666  4.27142221] [0.94593034 4.16972113],[0.00107548 0.27134356 0.1985677  0.17636221 0.16044469 0.19220635],[[1.96441862 0.33333448]  [0.33333448 1.18742073]] [[1.04499364 0.37216387]  [0.37216387 1.6668748 ]] [[1.9093712  0.77114942]  [0.77114942 1.98409823]] [[1.03417706 0.30073279]  [0.30073279 1.44869209]] [[0.99592095 0.20714204]  [0.20714204 1.36828261]],6,"{0: 0, 1: 284, 2: 210, 3: 136, 4: 174, 5: 196}",4,3,1
11,1.6e-07,11,250,1000,6,True,0.504736386671722,4,4,[4.20091151 3.43980941] [0.94446634 0.69006744] [1.21381773 3.72918009] [3.89571185 0.5557473 ],[2.91579546e-01 2.26796021e-01 3.25987509e-01 1.06314887e-03 1.54573776e-01 1.57266294e-10],[[1.22452468 0.31458946]  [0.31458946 2.33770605]] [[1.32483721 0.16563312]  [0.16563312 1.03337127]] [[1.73773831 0.21713678]  [0.21713678 1.47777549]] [[1.01148597 0.11043279]  [0.11043279 0.99328328]],5,"{0: 289, 1: 241, 2: 309, 3: 0, 4: 161, 5: 0}",2,1,1
12,1.6e-07,12,250,1000,6,True,0.5329668525154257,4,4,[3.63656854 3.79657344] [0.64981003 1.02842083] [3.58767577 0.79170819] [0.70040018 4.03480765],[3.62062414e-01 2.00300893e-01 2.53174247e-01 1.84462445e-01 1.58372902e-10 2.53396606e-17],[[1.91067424 0.18283022]  [0.18283022 1.89506716]] [[1.04652955 0.16411551]  [0.16411551 1.22144666]] [[1.74719659 0.16157179]  [0.16157179 1.07930087]] [[1.02602535 0.09425567]  [0.09425567 1.05535432]],4,"{0: 346, 1: 210, 2: 251, 3: 193, 4: 0, 5: 0}",2,1,1
13,1.6e-07,13,250,1000,6,True,0.4240642542942957,4,4,[1.18728412 3.65267022] [3.69967897 1.1554007 ] [4.34724936 4.39592504] [0.83201866 0.7767096 ],[3.56574111e-01 3.56854155e-01 1.33663881e-01 1.52907853e-01 1.58011625e-10 2.52818562e-17],[[1.98598494 0.80126151]  [0.80126151 2.18430606]] [[2.03589071 0.85041028]  [0.85041028 2.37329256]] [[1.07202961 0.57292045]  [0.57292045 1.08215809]] [[1.57240903 0.94082042]  [0.94082042 1.20756574]],4,"{0: 356, 1: 352, 2: 139, 3: 153, 4: 0, 5: 0}",2,1,1
14,1.6e-07,14,250,1000,6,True,0.5082677454258684,4,4,[3.55046307 1.27628137] [0.57270712 1.18751204] [1.01575748 4.11151182] [3.97935267 4.22577082],[3.64927997e-01 2.22353618e-01 2.30992392e-01 1.06426613e-03 1.80661727e-01 1.57474777e-10],[[1.7256429  0.46668316]  [0.46668316 1.96853407]] [[0.96493917 0.50678412]  [0.50678412 2.0017483 ]] [[1.36145972 0.34887044]  [0.34887044 1.37827239]] [[1.10459033 0.3726332 ]  [0.3726332  1.29366076]],5,"{0: 360, 1: 218, 2: 238, 3: 0, 4: 184, 5: 0}",2,1,1
15,1.6e-07,15,250,1000,6,True,0.5415324319862828,4,4,[0.88381339 3.79739457] [0.73299946 0.79433684] [3.69790544 0.95442651] [3.81846265 3.92525371],[2.63839093e-01 1.07395822e-03 1.94948792e-01 2.64065186e-01 2.76072971e-01 1.58542591e-10],[[1.57393195 0.32774882]  [0.32774882 1.43324604]] [[1.57306961 0.29825827]  [0.29825827 1.03012699]] [[1.948502   0.33443284]  [0.33443284 1.14726856]] [[1.81221257 0.36664373]  [0.36664373 1.39406212]],5,"{0: 263, 1: 0, 2: 200, 3: 263, 4: 274, 5: 0}",2,1,1
16,1.6e-07,16,250,1000,6,True,0.5726783267186821,4,4,[3.90156168 1.07110809] [0.85547637 1.03099162] [4.09750817 3.95098325] [1.23378357 4.08949366],[0.2728563  0.00107359 0.21903485 0.24292717 0.0010658  0.26304229],[[1.69492954 0.48670527]  [0.48670527 1.44877296]] [[1.23175824 0.42472516]  [0.42472516 1.52099222]] [[1.55693797 0.63882032]  [0.63882032 1.59739903]] [[1.73130562 0.48247456]  [0.48247456 1.45151428]],6,"{0: 269, 1: 0, 2: 224, 3: 247, 4: 0, 5: 260}",2,1,1
17,1.6e-07,17,250,1000,6,True,0.5066416306737143,6,5,[4.22131729 1.3088497 ] [1.17014587 3.77282078] [-0.62341833  1.37044963] [1.11151098 1.08595657] [2.01663792 0.36696215] [4.32494359 4.31590369],[0.25651694 0.34352691 0.00442381 0.14114415 0.06254864 0.19183954],[[1.2691818  0.39435601]  [0.39435601 1.63370405]] [[1.45122478 0.59460029]  [0.59460029 2.10742319]] [[7.42114455 2.64080083]  [2.64080083 2.95717734]] [[1.32407059 0.99899728]  [0.99899728 1.28818329]] [[0.68449066 0.22372898]  [0.22372898 1.2971726 ]] [[0.97686201 0.43065426]  [0.43065426 1.41942806]],6,"{0: 259, 1: 333, 2: 2, 3: 167, 4: 42, 5: 197}",6,1,5
18,1.6e-07,18,250,1000,6,True,0.3604718114165298,6,6,[0.86276059 3.33208764] [1.50400224 0.62719081] [3.96511037 2.63392866] [3.75235888 4.67493961] [-0.31383883  3.09949644] [4.18716978 0.75056198],[0.22180002 0.27290975 0.16509595 0.20382397 0.01831499 0.11805532],[[ 0.71626124 -0.0388234 ]  [-0.0388234   2.26764124]] [[3.01881191 0.20971967]  [0.20971967 1.56685349]] [[ 1.75967385 -0.07951413]  [-0.07951413  0.64987613]] [[1.97971892 0.13249347]  [0.13249347 0.83359449]] [[ 3.04972553 -0.79093672]  [-0.79093672  1.07957397]] [[ 1.05324038 -0.00453409]  [-0.00453409  1.1335771 ]],6,"{0: 235, 1: 266, 2: 184, 3: 195, 4: 7, 5: 113}",4,2,1
19,1.6e-07,19,250,1000,6,True,0.5478672249817313,4,4,[1.23848412 3.92412305] [3.9553034  1.25765175] [4.24496814 4.25144375] [0.96357818 0.94065777],[0.00107666 0.30201166 0.28205201 0.19690402 0.00106445 0.2168912 ],[[1.66752445 0.43388624]  [0.43388624 1.52068955]] [[1.53924608 0.451874  ]  [0.451874   1.55918516]] [[1.29179254 0.43743543]  [0.43743543 1.29037852]] [[1.43309137 0.47227762]  [0.47227762 1.33615985]],6,"{0: 0, 1: 296, 2: 285, 3: 198, 4: 0, 5: 221}",2,1,1
20,0.16666666666666666,0,250,1000,6,True,0.5348334603248921,4,4,[3.90214929 1.05199183] [4.0216298  4.06762107] [0.94221617 0.83308296] [1.01092673 3.848465  ],[0.24710552 0.28677993 0.00107087 0.18452617 0.00106425 0.27945325],[[1.66980575 0.33659054]  [0.33659054 1.36284872]] [[1.74249074 0.51005316]  [0.51005316 1.76795597]] [[1.49305258 0.43436973]  [0.43436973 1.06485641]] [[1.36058163 0.36727115]  [0.36727115 1.74069274]],6,"{0: 244, 1: 278, 2: 0, 3: 192, 4: 0, 5: 286}",2,1,1
21,0.16666666666666666,1,250,1000,6,True,0.6376029243741538,4,4,[1.07386053 1.04899473] [4.00478385 1.22422077] [1.111255   4.00753443] [4.08450584 4.22850819],[2.27089590e-01 2.95926292e-01 2.72135760e-01 2.04686480e-01 1.41646015e-04 2.02323055e-05],[[1.09070406 0.58584254]  [0.58584254 1.33174636]] [[1.24718512 0.5676813 ]  [0.5676813  1.66567272]] [[1.26174985 0.60641656]  [0.60641656 1.70252226]] [[1.13781081 0.52921914]  [0.52921914 1.05311953]],4,"{0: 230, 1: 290, 2: 264, 3: 216, 4: 0, 5: 0}",2,1,1
22,0.16666666666666666,2,250,1000,6,True,0.4689429885467177,5,5,[0.64852529 2.63713275] [3.9084657  3.75634603] [1.03521655 3.88549882] [3.80834891 0.7027048 ] [0.70203289 0.40109803],[8.13749237e-02 3.24241386e-01 1.93828033e-01 2.49237884e-01 1.51176628e-01 1.41145142e-04],[[ 1.57286504 -0.00160515]  [-0.00160515  0.50572838]] [[1.77102031 0.32676627]  [0.32676627 1.59877127]] [[1.11402964 0.13600032]  [0.13600032 1.81410542]] [[1.91343455 0.46091685]  [0.46091685 1.12273173]] [[1.26005835 0.41744913]  [0.41744913 0.93248229]],5,"{0: 68, 1: 322, 2: 190, 3: 252, 4: 168, 5: 0}",2,1,1
23,0.16666666666666666,3,250,1000,6,True,0.5274381597941868,4,4,[3.66329981 4.1078401 ] [0.47536484 0.89113059] [3.50699723 1.16279115] [0.74920805 3.94691771],[2.65620685e-01 1.61016267e-01 3.40852998e-01 2.32348031e-01 1.41768767e-04 2.02498109e-05],[[1.90728368 0.6886016 ]  [0.6886016  1.41617026]] [[1.08701094 0.56649527]  [0.56649527 1.33186712]] [[2.10670603 0.63691502]  [0.63691502 1.70993421]] [[1.36208396 0.57918763]  [0.57918763 1.70414612]],4,"{0: 268, 1: 167, 2: 330, 3: 235, 4: 0, 5: 0}",2,1,1
24,0.16666666666666666,4,250,1000,6,True,0.5450489611039451,5,5,[0.89947486 0.99168697] [4.02085695 4.0885421 ] [0.27459325 2.70791456] [3.87040312 0.97622525] [1.06986459 4.11785395],[0.23755322 0.25580738 0.00107109 0.0506749  0.26522834 0.18966506],[[1.47867906 0.63005588]  [0.63005588 1.66724495]] [[1.46196584 0.51988633]  [0.51988633 1.58411363]] [[ 2.07014194 -0.10981935]  [-0.10981935  1.15461652]] [[1.69612146 0.59606106]  [0.59606106 1.55970608]] [[0.85348333 0.3329065 ]  [0.3329065  1.49225302]],6,"{0: 260, 1: 246, 2: 0, 3: 21, 4: 266, 5: 207}",2,1,1
25,0.16666666666666666,5,250,1000,6,True,0.5397325689649602,4,4,[4.22779628 3.85652668] [1.27108702 0.92757958] [4.2290024  0.85825542] [1.20008256 3.90737488],[0.24904638 0.29223744 0.00107281 0.17271878 0.00106442 0.28386017],[[1.10258281 0.25933756]  [0.25933756 1.7411963 ]] [[1.74557208 0.30497293]  [0.30497293 1.35581423]] [[0.94820164 0.23558312]  [0.23558312 1.22766268]] [[1.42440293 0.26574044]  [0.26574044 1.44893049]],6,"{0: 252, 1: 296, 2: 0, 3: 173, 4: 0, 5: 279}",2,1,1
26,0.16666666666666666,6,250,1000,6,True,0.4976368756226695,4,4,[3.87431042 4.06943448] [3.78972792 1.07664632] [0.88138747 3.92235929] [0.79814211 0.96308224],[2.80298402e-01 2.75530589e-01 2.22389237e-01 2.21619873e-01 1.41664149e-04 2.02348731e-05],[[1.90527748 0.35508628]  [0.35508628 1.44898328]] [[1.95572998 0.37240595]  [0.37240595 1.36772933]] [[1.36326873 0.27045522]  [0.27045522 1.34915935]] [[1.79017647 0.44264703]  [0.44264703 1.46993544]],4,"{0: 277, 1: 274, 2: 226, 3: 223, 4: 0, 5: 0}",2,1,1
27,0.16666666666666666,7,250,1000,6,True,0.6139428139977076,4,4,[4.26086472 3.97014891] [1.26705396 3.90166491] [1.14526326 0.92464883] [4.12331047 0.97711206],[1.07495410e-03 2.44104869e-01 2.58861843e-01 2.39263491e-01 2.56553188e-01 1.41654435e-04],[[1.39778998 0.44286142]  [0.44286142 1.3299614 ]] [[1.38033574 0.34910727]  [0.34910727 1.28888691]] [[1.30651398 0.38249457]  [0.38249457 1.29407786]] [[1.37321334 0.39610665]  [0.39610665 1.34197712]],5,"{0: 0, 1: 241, 2: 259, 3: 244, 4: 256, 5: 0}",2,1,1
28,0.16666666666666666,8,250,1000,6,True,0.5019016231471581,5,5,[1.00277912 4.18317093] [3.82877966 1.12193592] [3.97982189 4.18365784] [0.83713443 0.69874402] [0.8667051  2.09968164],[2.20226509e-01 2.84478838e-01 2.42015959e-01 1.68819413e-01 8.43191344e-02 1.40146518e-04],[[1.22186545 0.2509477 ]  [0.2509477  1.35122852]] [[1.63104271 0.52361551]  [0.52361551 1.75708465]] [[1.48342777 0.39620787]  [0.39620787 1.60762883]] [[1.33485233 0.59996726]  [0.59996726 1.51246688]] [[1.69040897 0.1796522 ]  [0.1796522  0.44611573]],5,"{0: 218, 1: 295, 2: 232, 3: 158, 4: 97, 5: 0}",3,1,2
29,0.16666666666666666,9,250,1000,6,True,0.5118792936592137,4,4,[1.25998784 4.28236807] [3.94712236 1.51641401] [4.19577499 4.51418139] [0.92277001 1.18823168],[2.73573687e-01 3.36061212e-01 1.47994724e-01 2.42208464e-01 1.41676292e-04 2.02366046e-05],[[1.78787988 0.50330826]  [0.50330826 1.46478806]] [[1.58699803 0.54610607]  [0.54610607 2.20795012]] [[1.15517626 0.5432354 ]  [0.5432354  1.1255476 ]] [[1.16544648 0.36399994]  [0.36399994 1.60006476]],4,"{0: 277, 1: 323, 2: 153, 3: 247, 4: 0, 5: 0}",2,1,1
30,0.16666666666666666,10,250,1000,6,True,0.449260977103254,5,5,[3.73233984 0.94217485] [0.83205959 1.34205047] [4.46676144 3.57767581] [3.53328658 4.27141314] [0.94592651 4.16963849],[0.00107548 0.27134016 0.19855631 0.17635637 0.16045068 0.192221  ],[[1.96441557 0.33333943]  [0.33333943 1.18741673]] [[1.04499905 0.37218409]  [0.37218409 1.66677221]] [[1.90936274 0.77118694]  [0.77118694 1.98413344]] [[1.03417096 0.30073858]  [0.30073858 1.44869806]] [[0.99593387 0.20716506]  [0.20716506 1.36837008]],6,"{0: 0, 1: 284, 2: 210, 3: 136, 4: 174, 5: 196}",4,3,1
31,0.16666666666666666,11,250,1000,6,True,0.504736386671722,4,4,[4.20131445 3.44015976] [0.9444052  0.69008659] [1.21412133 3.72911213] [3.89545522 0.55589369],[2.91441491e-01 2.26759809e-01 3.25995076e-01 1.06300922e-03 1.54600093e-01 1.40521297e-04],[[1.22420128 0.31424361]  [0.31424361 2.33735695]] [[1.32480846 0.16562512]  [0.16562512 1.03341788]] [[1.73807228 0.21699193]  [0.21699193 1.47776211]] [[1.01153858 0.11028465]  [0.11028465 0.99333948]],5,"{0: 289, 1: 241, 2: 309, 3: 0, 4: 161, 5: 0}",2,1,1
32,0.16666666666666666,12,250,1000,6,True,0.5313070748338464,4,4,[3.63655002 3.79667866] [0.64760693 1.02883056] [3.58492813 0.79186134] [0.70045825 4.03483875],[3.61991488e-01 1.99894238e-01 2.53531222e-01 1.84421333e-01 1.41506784e-04 2.02124108e-05],[[1.91081998 0.18274769]  [0.18274769 1.8949484 ]] [[1.0444563  0.16440781]  [0.16440781 1.22167438]] [[1.75065274 0.16140462]  [0.16140462 1.07943353]] [[1.02612386 0.09416797]  [0.09416797 1.05525062]],4,"{0: 346, 1: 209, 2: 252, 3: 193, 4: 0, 5: 0}",2,1,1
33,0.16666666666666666,13,250,1000,6,True,0.4240642542942957,4,4,[1.18752705 3.65239971] [3.69941538 1.15571196] [4.34766402 4.3962673 ] [0.83133966 0.77608978],[3.56598290e-01 3.56885312e-01 1.33577255e-01 1.52777793e-01 1.41183225e-04 2.01661953e-05],[[1.9862255  0.8011346 ]  [0.8011346  2.18461436]] [[2.03613436 0.8502181 ]  [0.8502181  2.37359028]] [[1.07163319 0.57268072]  [0.57268072 1.08190406]] [[1.57188495 0.94036142]  [0.94036142 1.20706205]],4,"{0: 356, 1: 352, 2: 139, 3: 153, 4: 0, 5: 0}",2,1,1
34,0.16666666666666666,14,250,1000,6,True,0.5082677454258684,4,4,[3.55043618 1.27610932] [0.57271785 1.18752383] [1.01570712 4.11149194] [3.97929665 4.22560164],[3.64843981e-01 2.22321387e-01 2.30954990e-01 1.06412293e-03 1.80674812e-01 1.40707823e-04],[[1.72567258 0.46666575]  [0.46666575 1.96830699]] [[0.96494958 0.50680869]  [0.50680869 2.00175941]] [[1.36140135 0.34886368]  [0.34886368 1.37828824]] [[1.10466325 0.37262128]  [0.37262128 1.29379677]],5,"{0: 360, 1: 218, 2: 238, 3: 0, 4: 184, 5: 0}",2,1,1
35,0.16666666666666666,15,250,1000,6,True,0.5415324319862828,4,4,[0.88372932 3.79739462] [0.73296548 0.79432983] [3.6978815  0.95440137] [3.81836426 3.92521353],[2.63785271e-01 1.07380224e-03 1.94916110e-01 2.64027210e-01 2.76055945e-01 1.41661635e-04],[[1.57384724 0.32774972]  [0.32774972 1.43324703]] [[1.57303278 0.29825025]  [0.29825025 1.03011864]] [[1.94853542 0.33443817]  [0.33443817 1.14724474]] [[1.81231675 0.36666344]  [0.36666344 1.39410558]],5,"{0: 263, 1: 0, 2: 200, 3: 263, 4: 274, 5: 0}",2,1,1
36,0.16666666666666666,16,250,1000,6,True,0.5726783267186821,4,4,[3.9015828  1.07109967] [0.85548705 1.03094504] [4.09756304 3.95096342] [1.2338451 4.0894596],[0.27285239 0.00107359 0.21902971 0.2429163  0.00106581 0.26306219],[[1.69492047 0.4867228 ]  [0.4867228  1.44877429]] [[1.23176785 0.42472967]  [0.42472967 1.52092324]] [[1.55687384 0.63885529]  [0.63885529 1.59741334]] [[1.73137553 0.48248928]  [0.48248928 1.45155758]],6,"{0: 269, 1: 0, 2: 224, 3: 247, 4: 0, 5: 260}",2,1,1
37,0.16666666666666666,17,250,1000,6,True,0.5066416306737143,6,5,[4.22132558 1.30880859] [1.17011361 3.77281985] [-0.62361151  1.37037157] [1.11151165 1.0859614 ] [2.01664059 0.3669864 ] [4.32490666 4.31585349],[0.25650805 0.34352003 0.00442325 0.14114397 0.06255173 0.19185298],[[1.26916353 0.39434259]  [0.39434259 1.63363999]] [[1.45119072 0.59460485]  [0.59460485 2.10742833]] [[7.42113064 2.64079371]  [2.64079371 2.95719137]] [[1.32407044 0.99900082]  [0.99900082 1.28818808]] [[0.68449116 0.22372564]  [0.22372564 1.2971852 ]] [[0.97691655 0.4306614 ]  [0.4306614  1.41947107]],6,"{0: 259, 1: 333, 2: 2, 3: 167, 4: 42, 5: 197}",6,1,5
38,0.16666666666666666,18,250,1000,6,True,0.3604718114165298,6,6,[0.86279156 3.33164803] [1.50305567 0.62685671] [3.96492405 2.63395303] [3.75219255 4.67490671] [-0.31347275  3.0990635 ] [4.18682955 0.75067697],[0.22181255 0.27272983 0.16509729 0.20384601 0.01833192 0.1181824 ],[[ 0.71614905 -0.03900069]  [-0.03900069  2.26827633]] [[3.01767442 0.20958543]  [0.20958543 1.56668155]] [[ 1.75988283 -0.07945821]  [-0.07945821  0.64976451]] [[1.97995892 0.13249852]  [0.13249852 0.8336074 ]] [[ 3.04896273 -0.7906676 ]  [-0.7906676   1.07958161]] [[ 1.05359198 -0.00437815]  [-0.00437815  1.13378012]],6,"{0: 235, 1: 266, 2: 184, 3: 195, 4: 7, 5: 113}",4,2,1
39,0.16666666666666666,19,250,1000,6,True,0.5478672249817313,4,4,[1.23847429 3.92423172] [3.9553367  1.25780769] [4.24494247 4.25155028] [0.96362011 0.94074846],[0.00107631 0.30199041 0.28207051 0.19688526 0.00106445 0.21691305],[[1.66753859 0.4339183 ]  [0.4339183  1.5205869 ]] [[1.5392099  0.45186665]  [0.45186665 1.55937544]] [[1.29184736 0.43747346]  [0.43747346 1.2902661 ]] [[1.43312436 0.47227382]  [0.47227382 1.3362611 ]],6,"{0: 0, 1: 296, 2: 285, 3: 198, 4: 0, 5: 221}",2,1,1
40,1.0,0,250,1000,6,True,0.5348334603248921,4,4,[3.90215266 1.05206706] [4.02217689 4.06778222] [0.94224162 0.83301725] [1.01130887 3.84836985],[0.24711463 0.28667609 0.00107087 0.18451643 0.00106427 0.2795577 ],[[1.66985038 0.33660726]  [0.33660726 1.36294525]] [[1.74174523 0.50992985]  [0.50992985 1.76787048]] [[1.49311519 0.43438327]  [0.43438327 1.06478898]] [[1.36093298 0.36725715]  [0.36725715 1.74078258]],6,"{0: 244, 1: 278, 2: 0, 3: 192, 4: 0, 5: 286}",2,1,1
41,1.0,1,250,1000,6,True,0.6376029243741538,4,4,[1.07387518 1.04904126] [4.0048861  1.22425495] [1.1112515  4.00769912] [4.08449673 4.22853972],[2.26984014e-01 2.95734699e-01 2.71946175e-01 2.04565798e-01 5.14756116e-04 2.54557401e-04],[[1.09079204 0.58575169]  [0.58575169 1.33181821]] [[1.24707464 0.5676662 ]  [0.5676662  1.66571095]] [[1.26170825 0.60638161]  [0.60638161 1.70231669]] [[1.13782889 0.529232  ]  [0.529232   1.05309704]],4,"{0: 230, 1: 290, 2: 264, 3: 216, 4: 0, 5: 0}",2,1,1
42,1.0,2,250,1000,6,True,0.4689429885467177,5,5,[0.64833514 2.63724848] [3.9084049  3.75635668] [1.03524313 3.88595727] [3.80871817 0.70272046] [0.70238717 0.4012668 ],[0.08137564 0.32413534 0.19368506 0.24909874 0.15119429 0.00051093],[[ 1.57251802e+00 -1.55376415e-03]  [-1.55376415e-03  5.05668680e-01]] [[1.77112703 0.32673234]  [0.32673234 1.59881274]] [[1.11391114 0.13584093]  [0.13584093 1.81362754]] [[1.91286967 0.46085468]  [0.46085468 1.12271777]] [[1.26030959 0.41749168]  [0.41749168 0.93264425]],5,"{0: 68, 1: 322, 2: 190, 3: 252, 4: 168, 5: 0}",2,1,1
43,1.0,3,250,1000,6,True,0.5274381597941868,4,4,[3.66291741 4.10768675] [0.47459043 0.8908017 ] [3.50655779 1.16283949] [0.74906754 3.94710448],[2.65503082e-01 1.60826130e-01 3.40735748e-01 2.32164775e-01 5.15413719e-04 2.54850230e-04],[[1.90785224 0.68894959]  [0.68894959 1.4163212 ]] [[1.08623502 0.56606783]  [0.56606783 1.33158729]] [[2.1073465  0.63688199]  [0.63688199 1.70992664]] [[1.36197931 0.57925603]  [0.57925603 1.70403859]],4,"{0: 268, 1: 167, 2: 330, 3: 235, 4: 0, 5: 0}",2,1,1
44,1.0,4,250,1000,6,True,0.5450489611039451,5,5,[0.89942294 0.9916272 ] [4.02092977 4.08857864] [0.27438642 2.70751838] [3.87029234 0.97625751] [1.06963216 4.11730262],[0.23751601 0.25578071 0.00107108 0.05059908 0.26525883 0.1897743 ],[[1.47861441 0.63017229]  [0.63017229 1.66709265]] [[1.46180089 0.51992693]  [0.51992693 1.58406448]] [[ 2.07138364 -0.10996648]  [-0.10996648  1.15472801]] [[1.69635716 0.5961759 ]  [0.5961759  1.55983533]] [[0.85397626 0.33322616]  [0.33322616 1.49273289]],6,"{0: 260, 1: 246, 2: 0, 3: 21, 4: 266, 5: 207}",2,1,1
45,1.0,5,250,1000,6,True,0.5397325689649602,4,4,[4.2279665  3.85657254] [1.271157   0.92744542] [4.22901452 0.85828908] [1.20023588 3.90719008],[0.24900309 0.29220487 0.00107239 0.17272425 0.00106443 0.28393097],[[1.10236912 0.25935462]  [0.25935462 1.74115219]] [[1.7456529  0.30506955]  [0.30506955 1.35565728]] [[0.94825076 0.23563649]  [0.23563649 1.22774285]] [[1.42464909 0.26579999]  [0.26579999 1.44918057]],6,"{0: 252, 1: 296, 2: 0, 3: 173, 4: 0, 5: 279}",2,1,1
46,1.0,6,250,1000,6,True,0.49581033879748004,4,4,[3.87433575 4.06958824] [3.79059201 1.07683614] [0.88138139 3.92244992] [0.79886103 0.96308567],[2.80101278e-01 2.75252428e-01 2.22244991e-01 2.21631658e-01 5.14995389e-04 2.54649702e-04],[[1.90528339 0.35508126]  [0.35508126 1.44883559]] [[1.95460862 0.37228586]  [0.37228586 1.36784065]] [[1.36324294 0.27044375]  [0.27044375 1.34905534]] [[1.79079999 0.44253534]  [0.44253534 1.46993552]],4,"{0: 277, 1: 273, 2: 226, 3: 224, 4: 0, 5: 0}",2,1,1
47,1.0,7,250,1000,6,True,0.6139428139977076,4,4,[4.26083179 3.97038969] [1.26687968 3.90166434] [1.14521319 0.92468261] [4.12322195 0.97723046],[0.00107457 0.24400376 0.25874046 0.23916759 0.25650077 0.00051285],[[1.39786155 0.44272291]  [0.44272291 1.32967382]] [[1.38014378 0.34911278]  [0.34911278 1.28889288]] [[1.30645071 0.38255654]  [0.38255654 1.29412983]] [[1.37328932 0.39609219]  [0.39609219 1.3421054 ]],5,"{0: 0, 1: 241, 2: 259, 3: 244, 4: 256, 5: 0}",2,1,1
48,1.0,8,250,1000,6,True,0.5011964207819687,5,5,[1.00310724 4.18405956] [3.82908155 1.1207886 ] [3.97997445 4.18276542] [0.83690122 0.696461  ] [0.86793791 2.09953034],[0.22007425 0.28413337 0.24206644 0.16850218 0.08471652 0.00050723],[[1.22188114 0.25063495]  [0.25063495 1.34983462]] [[1.63084676 0.52391952]  [0.52391952 1.7561382 ]] [[1.48313228 0.39614604]  [0.39614604 1.60857773]] [[1.33496039 0.59995659]  [0.59995659 1.51030549]] [[1.69022119 0.17958521]  [0.17958521 0.44631262]],5,"{0: 218, 1: 295, 2: 232, 3: 157, 4: 98, 5: 0}",3,1,2
49,1.0,9,250,1000,6,True,0.5118792936592137,4,4,[1.26127924 4.28327235] [3.94848059 1.51687346] [4.19643862 4.51412292] [0.92382419 1.1888581 ],[2.73474388e-01 3.35691792e-01 1.47693615e-01 2.42370462e-01 5.15062897e-04 2.54679594e-04],[[1.7900621  0.50406439]  [0.50406439 1.46444088]] [[1.58531853 0.54619812]  [0.54619812 2.20854922]] [[1.15469453 0.54400321]  [0.54400321 1.12457169]] [[1.16640846 0.36407602]  [0.36407602 1.60104177]],4,"{0: 277, 1: 323, 2: 153, 3: 247, 4: 0, 5: 0}",2,1,1
50,1.0,10,250,1000,6,True,0.449260977103254,5,5,[3.73236869 0.94212507] [0.83211654 1.34161515] [4.46690834 3.57747606] [3.53338612 4.27136787] [0.94590731 4.16922722],[0.00107546 0.27132321 0.19849963 0.17632724 0.16048058 0.19229387],[[1.96440041 0.33336405]  [0.33336405 1.18739671]] [[1.04502601 0.37228481]  [0.37228481 1.66626196]] [[1.90932093 0.77137389]  [0.77137389 1.98430926]] [[1.03414105 0.30076722]  [0.30076722 1.44872783]] [[0.995998   0.20727956]  [0.20727956 1.36880544]],6,"{0: 0, 1: 284, 2: 210, 3: 136, 4: 174, 5: 196}",4,3,1
51,1.0,11,250,1000,6,True,0.504736386671722,4,4,[4.20148767 3.44067149] [0.94424023 0.69012222] [1.21414657 3.72910762] [3.89522484 0.55611179],[0.29126078 0.22665787 0.32587641 0.00106268 0.15463371 0.00050854],[[1.22409834 0.31399545]  [0.31399545 2.33665558]] [[1.32461421 0.16566006]  [0.16566006 1.03346875]] [[1.7381034 0.216933 ]  [0.216933  1.4777316]] [[1.01173282 0.11027812]  [0.11027812 0.99348211]],5,"{0: 289, 1: 241, 2: 309, 3: 0, 4: 161, 5: 0}",2,1,1
52,1.0,12,250,1000,6,True,0.5315650629100349,4,4,[3.63668892 3.79714961] [0.63724904 1.02972137] [3.57207299 0.79263003] [0.70086636 4.03413149],[3.61646322e-01 1.97872066e-01 2.55272290e-01 1.84440673e-01 5.14317362e-04 2.54331858e-04],[[1.91100316 0.18278712]  [0.18278712 1.89419304]] [[1.03480637 0.16582638]  [0.16582638 1.22137528]] [[1.76720723 0.16079465]  [0.16079465 1.08021716]] [[1.02667741 0.09402179]  [0.09402179 1.05632746]],4,"{0: 346, 1: 207, 2: 254, 3: 193, 4: 0, 5: 0}",2,1,1
53,1.0,13,250,1000,6,True,0.4240642542942957,4,4,[1.18720014 3.65290351] [3.69976559 1.15539632] [4.34721304 4.39593368] [0.83218326 0.7769173 ],[3.56249019e-01 3.56566910e-01 1.33568947e-01 1.52848231e-01 5.13141773e-04 2.53751379e-04],[[1.98592589 0.80130667]  [0.80130667 2.18400874]] [[2.03579876 0.85043653]  [0.85043653 2.37335568]] [[1.07206073 0.57292225]  [0.57292225 1.08213454]] [[1.57253784 0.9408922 ]  [0.9408922  1.20772833]],4,"{0: 356, 1: 352, 2: 139, 3: 153, 4: 0, 5: 0}",2,1,1
54,1.0,14,250,1000,6,True,0.5082677454258684,4,4,[3.55032013 1.27519019] [0.5727588  1.18756041] [1.01543801 4.11139679] [3.97902378 4.22473614],[0.36453561 0.22223527 0.23084653 0.00106379 0.18080944 0.00050936],[[1.72581428 0.46658912]  [0.46658912 1.96711522]] [[0.96499324 0.50692349]  [0.50692349 2.00179829]] [[1.36109372 0.34883197]  [0.34883197 1.37836543]] [[1.10502934 0.37254644]  [0.37254644 1.29449404]],5,"{0: 360, 1: 218, 2: 238, 3: 0, 4: 184, 5: 0}",2,1,1
55,1.0,15,250,1000,6,True,0.5396989654411061,4,4,[0.88316391 3.7972778 ] [0.73413485 0.7944004 ] [3.69887759 0.95470467] [3.81803454 3.92563611],[0.26359995 0.00107345 0.19501003 0.2638176  0.275986   0.00051296],[[1.57318772 0.3276501 ]  [0.3276501  1.43326806]] [[1.57420891 0.29838471]  [0.29838471 1.03020664]] [[1.94736092 0.33434967]  [0.33434967 1.14753625]] [[1.81260626 0.36641521]  [0.36641521 1.39367739]],5,"{0: 263, 1: 0, 2: 201, 3: 262, 4: 274, 5: 0}",2,1,1
56,1.0,16,250,1000,6,True,0.5726783267186821,4,4,[3.90168793 1.07105765] [0.8555403  1.03071333] [4.09783626 3.95086486] [1.23415129 4.08929007],[0.27283291 0.00107358 0.21900417 0.24286222 0.00106586 0.26316126],[[1.6948752  0.48680994]  [0.48680994 1.44878067]] [[1.23181579 0.42475208]  [0.42475208 1.52058012]] [[1.55655456 0.63902893]  [0.63902893 1.59748448]] [[1.73172339 0.48256233]  [0.48256233 1.45177293]],6,"{0: 269, 1: 0, 2: 224, 3: 247, 4: 0, 5: 260}",2,1,1
57,1.0,17,250,1000,6,True,0.5066416306737143,6,5,[4.22136737 1.30860418] [1.16995349 3.7728156 ] [-0.62455597  1.36999106] [1.11151511 1.08598567] [2.01665434 0.36710687] [4.32472329 4.31560377],[0.25646368 0.34348578 0.00442051 0.1411431  0.06256713 0.19191979],[[1.26907196 0.39427555]  [0.39427555 1.63332114]] [[1.45102093 0.59462704]  [0.59462704 2.10745313]] [[7.42106269 2.64075668]  [2.64075668 2.95725852]] [[1.32406981 0.99901858]  [0.99901858 1.28821203]] [[0.68449388 0.22370901]  [0.22370901 1.29724726]] [[0.97718737 0.43069674]  [0.43069674 1.41968521]],6,"{0: 259, 1: 333, 2: 2, 3: 167, 4: 42, 5: 197}",6,1,5
58,1.0,18,250,1000,6,True,0.3604718114165298,6,6,[0.86287557 3.33127645] [1.50060373 0.62659326] [3.96457413 2.63417929] [3.75196742 4.67475633] [-0.31272905  3.09840495] [4.18608337 0.75127223],[0.2217858  0.27239793 0.16500549 0.20389965 0.0183597  0.11855143],[[ 0.71593875 -0.0393435 ]  [-0.0393435   2.26896176]] [[3.01419643 0.20933389]  [0.20933389 1.56678244]] [[ 1.76056629 -0.07937228]  [-0.07937228  0.64919905]] [[1.98022179 0.13248868]  [0.13248868 0.83369399]] [[ 3.04790009 -0.79030782]  [-0.79030782  1.07956464]] [[ 1.05441186 -0.00392566]  [-0.00392566  1.13458518]],6,"{0: 235, 1: 266, 2: 184, 3: 195, 4: 7, 5: 113}",4,2,1
59,1.0,19,250,1000,6,True,0.5460142973594958,4,4,[1.23843361 3.92444729] [3.95592971 1.25716179] [4.2448261  4.25090541] [0.96430539 0.94115746],[0.001078   0.3019395  0.28185765 0.19699342 0.00106448 0.21706696],[[1.66744846 0.43386144]  [0.43386144 1.52027129]] [[1.53854987 0.4519239 ]  [0.4519239  1.55864436]] [[1.29178764 0.43752439]  [0.43752439 1.29088468]] [[1.43376214 0.47247396]  [0.47247396 1.33651769]],6,"{0: 0, 1: 296, 2: 284, 3: 199, 4: 0, 5: 221}",2,1,1
60,10.0,0,250,1000,6,True,0.5328320300904416,4,4,[3.90238858 1.05229772] [4.02562758 4.06852469] [0.94260109 0.83236968] [1.01375241 3.84748721],[0.24708712 0.28604852 0.00107081 0.18443848 0.00106439 0.28029067],[[1.66989175 0.33674769]  [0.33674769 1.36334262]] [[1.73701271 0.50921407]  [0.50921407 1.76768983]] [[1.4937322  0.43449878]  [0.43449878 1.064104  ]] [[1.36320018 0.36720065]  [0.36720065 1.74175464]],6,"{0: 244, 1: 277, 2: 0, 3: 192, 4: 0, 5: 287}",2,1,1
61,10.0,1,250,1000,6,True,0.6451097211308471,5,4,[1.07830772 1.11472863] [4.03555106 1.23173107] [1.11887934 4.10303139] [4.07846077 4.22346894] [2.6228167  5.74191776],[0.24981638 0.28886905 0.25086154 0.20614369 0.00342507 0.00088428],[[1.14995602 0.53934807]  [0.53934807 1.39106003]] [[1.20699537 0.54823134]  [0.54823134 1.65702099]] [[1.20609945 0.50619634]  [0.50619634 1.37453697]] [[1.14667966 0.53179081]  [0.53179081 1.06405187]] [[1.98297903 0.26530056]  [0.26530056 6.87699936]],5,"{0: 248, 1: 287, 2: 245, 3: 218, 4: 2, 5: 0}",2,1,1
62,10.0,2,250,1000,6,True,0.4691439088455186,5,5,[0.64426664 2.63866662] [3.90740468 3.75557138] [1.03672042 3.89291722] [3.81170504 0.70249071] [0.7056005  0.40347766],[0.08183881 0.32427674 0.19257401 0.24849945 0.15185434 0.00095665],[[ 1.56509699e+00 -1.05126399e-03]  [-1.05126399e-03  5.04992055e-01]] [[1.77239677 0.32676738]  [0.32676738 1.60021711]] [[1.11268048 0.13296195]  [0.13296195 1.80641928]] [[1.90826121 0.46035463]  [0.46035463 1.1222866 ]] [[1.2623164  0.41802555]  [0.41802555 0.9345448 ]],5,"{0: 71, 1: 322, 2: 187, 3: 251, 4: 169, 5: 0}",2,1,1
63,10.0,3,250,1000,6,True,0.5292170882848876,4,4,[3.66312061 4.11007484] [0.47307385 0.88995253] [3.50462726 1.16441297] [0.74797713 3.94597644],[0.26497025 0.16032704 0.34098303 0.23189117 0.00096092 0.00086758],[[1.90827112 0.68716583]  [0.68716583 1.41411917]] [[1.08480364 0.56604186]  [0.56604186 1.33144969]] [[2.10928837 0.63605337]  [0.63605337 1.71140452]] [[1.36082051 0.57896759]  [0.57896759 1.70518853]],4,"{0: 268, 1: 166, 2: 331, 3: 235, 4: 0, 5: 0}",2,1,1
64,10.0,4,250,1000,6,True,0.5666530958055446,4,4,[0.94234246 1.05799771] [4.07534075 4.07823175] [3.82638074 0.95925868] [0.90556589 3.88761187],[0.23548718 0.24294436 0.0010711  0.00106891 0.27423428 0.24519417],[[1.42757389 0.75230631]  [0.75230631 1.68716832]] [[1.3877569  0.53845428]  [0.53845428 1.58352168]] [[1.78733375 0.65671673]  [0.65671673 1.58799683]] [[1.35271716 0.62494847]  [0.62494847 1.70792307]],6,"{0: 242, 1: 239, 2: 0, 3: 0, 4: 271, 5: 248}",2,1,1
65,10.0,5,250,1000,6,True,0.5397325689649602,4,4,[4.22895153 3.85734158] [1.27081796 0.92535483] [4.22852262 0.85923776] [1.20120441 3.90495881],[0.24863274 0.29163377 0.00107247 0.17296619 0.00106456 0.28463028],[[1.10098631 0.25976142]  [0.25976142 1.74012689]] [[1.74499374 0.30567611]  [0.30567611 1.35317157]] [[0.94927168 0.23611795]  [0.23611795 1.22908467]] [[1.42638428 0.26637743]  [0.26637743 1.45197693]],6,"{0: 252, 1: 296, 2: 0, 3: 173, 4: 0, 5: 279}",2,1,1
66,10.0,6,250,1000,6,True,0.4974625697554532,4,4,[3.87475405 4.07038159] [3.79578689 1.07790601] [0.88163601 3.92342571] [0.80351086 0.96381093],[0.27959795 0.27425915 0.22192968 0.22238622 0.00096012 0.00086687],[[1.90488339 0.35505027]  [0.35505027 1.44804914]] [[1.94785578 0.3715861 ]  [0.3715861  1.36844324]] [[1.36340274 0.27043329]  [0.27043329 1.3479821 ]] [[1.79468837 0.44216813]  [0.44216813 1.47063168]],4,"{0: 277, 1: 272, 2: 226, 3: 225, 4: 0, 5: 0}",2,1,1
67,10.0,7,250,1000,6,True,0.6139428139977076,4,4,[4.26152209 3.97240719] [1.26720456 3.90297002] [1.14383775 0.92598852] [4.12185537 0.97888414],[0.00107406 0.24353657 0.2584268  0.2390759  0.25692586 0.0009608 ],[[1.39738858 0.44210857]  [0.44210857 1.32733457]] [[1.38037015 0.34885472]  [0.34885472 1.28734277]] [[1.304916   0.38238194]  [0.38238194 1.29582867]] [[1.37463024 0.39580687]  [0.39580687 1.34364677]],5,"{0: 0, 1: 241, 2: 259, 3: 244, 4: 256, 5: 0}",2,1,1
68,10.0,8,250,1000,6,True,0.4969930029708929,5,5,[1.00566976 4.19119733] [3.83161411 1.11256824] [3.98107866 4.17647361] [0.83525427 0.6790517 ] [0.87810584 2.09857751],[0.2193519  0.28219824 0.24292624 0.16650865 0.0880644  0.00095057],[[1.22200438 0.24816959]  [0.24816959 1.33874985]] [[1.62899858 0.52618102]  [0.52618102 1.74941903]] [[1.48090688 0.39559653]  [0.39559653 1.61516992]] [[1.33594437 0.59966992]  [0.59966992 1.49390339]] [[1.68951713 0.17911266]  [0.17911266 0.44820478]],5,"{0: 216, 1: 294, 2: 233, 3: 155, 4: 102, 5: 0}",3,1,2
69,10.0,9,250,1000,6,True,0.5045181765935093,5,4,[1.26454724 4.29746874] [4.07982625 1.53980513] [4.17394446 4.50795583] [1.04391529 1.19473161] [5.96209781 2.82155733],[0.2704473  0.3055697  0.14814814 0.27130568 0.0009838  0.00354539],[[1.78805485 0.50095719]  [0.50095719 1.45199068]] [[1.21829846 0.46371865]  [0.46371865 2.21182631]] [[1.19157811 0.56863441]  [0.56863441 1.12647233]] [[1.27371411 0.3532114 ]  [0.3532114  1.64156584]] [[6.81646269 0.50419546]  [0.50419546 2.17355264]],5,"{0: 270, 1: 298, 2: 155, 3: 275, 4: 0, 5: 2}",2,1,1
70,10.0,10,250,1000,6,True,0.4510497409042608,5,5,[3.73443075 0.94102475] [0.83432158 1.33573888] [4.47037695 3.57202639] [3.53563867 4.27077481] [0.94580353 4.16378952],[0.00107534 0.27072262 0.19804368 0.17564194 0.16125221 0.19326421],[[1.96212484 0.33362714]  [0.33362714 1.18672112]] [[1.0467485  0.37342723]  [0.37342723 1.65944409]] [[1.90841386 0.77637536]  [0.77637536 1.98920041]] [[1.03393447 0.30105751]  [0.30105751 1.44896269]] [[0.99684512 0.20868455]  [0.20868455 1.37447188]],6,"{0: 0, 1: 282, 2: 210, 3: 136, 4: 175, 5: 197}",4,3,1
71,10.0,11,250,1000,6,True,0.504736386671722,4,4,[4.20088322 3.44440314] [0.94290845 0.69050498] [1.21294151 3.72923164] [3.89427713 0.55797233],[0.29082753 0.22636403 0.32547927 0.00106259 0.15531437 0.0009522 ],[[1.2249612  0.3134867 ]  [0.3134867  2.33050054]] [[1.32268082 0.16618729]  [0.16618729 1.03378751]] [[1.7367202  0.21702653]  [0.21702653 1.47763201]] [[1.01371458 0.11125499]  [0.11125499 0.99503979]],5,"{0: 289, 1: 241, 2: 309, 3: 0, 4: 161, 5: 0}",2,1,1
72,10.0,12,250,1000,6,True,0.5158015482925028,4,4,[3.65019587 3.78722105] [3.43428628 0.79471966] [0.71525221 3.99964926] [0.53084566 1.00504037],[0.35996909 0.00107282 0.27383958 0.19291783 0.00106156 0.17113913],[[1.89271319 0.19456798]  [0.19456798 1.9028582 ]] [[1.957643   0.15353569]  [0.15353569 1.083025  ]] [[1.04080614 0.10045593]  [0.10045593 1.11387906]] [[0.94333463 0.17822759]  [0.17822759 1.1801007 ]],6,"{0: 345, 1: 0, 2: 269, 3: 200, 4: 0, 5: 186}",2,1,1
73,10.0,13,250,1000,6,True,0.4240642542942957,4,4,[1.18645404 3.65502483] [3.70189758 1.15373015] [4.34577693 4.39460008] [0.83644128 0.78078287],[0.35539083 0.35556932 0.1336898  0.15352949 0.00095672 0.00086384],[[1.98530509 0.80171105]  [0.80171105 2.18113248]] [[2.0336706  0.85166509]  [0.85166509 2.37222334]] [[1.07329625 0.57373646]  [0.57373646 1.08301968]] [[1.57597034 0.94330876]  [0.94330876 1.21076618]],4,"{0: 356, 1: 352, 2: 139, 3: 153, 4: 0, 5: 0}",2,1,1
74,10.0,14,250,1000,6,True,0.5099817986073342,4,4,[3.54927899 1.26667029] [0.5733499  1.18674106] [1.01244231 4.10942271] [3.97604775 4.2164939 ],[0.36271407 0.22195384 0.23064988 0.00106368 0.18266458 0.00095396],[[1.72691819 0.46581196]  [0.46581196 1.9560167 ]] [[0.96560283 0.50808264]  [0.50808264 2.00052817]] [[1.3576275  0.34864115]  [0.34864115 1.38008875]] [[1.10881993 0.37188007]  [0.37188007 1.30117436]],5,"{0: 359, 1: 218, 2: 238, 3: 0, 4: 185, 5: 0}",2,1,1
75,10.0,15,250,1000,6,True,0.5415324319862828,4,4,[0.87907858 3.79720346] [0.73396085 0.79422794] [3.69894899 0.9540766 ] [3.81366867 3.92456512],[0.26270144 0.0010729  0.1948977  0.26357676 0.27679063 0.00096056],[[1.56896321 0.32756692]  [0.32756692 1.43326055]] [[1.57391409 0.29819447]  [0.29819447 1.03001053]] [[1.94746364 0.33445984]  [0.33445984 1.14694483]] [[1.81717294 0.3669116 ]  [0.3669116  1.39485897]],5,"{0: 263, 1: 0, 2: 200, 3: 263, 4: 274, 5: 0}",2,1,1
76,10.0,16,250,1000,6,True,0.574755971836736,4,4,[3.90277597 1.0706116 ] [0.85609906 1.02833201] [4.10067336 3.94986166] [1.23731232 4.08753484],[0.27262816 0.00107348 0.21874363 0.24230449 0.00106668 0.26418356],[[1.69439047 0.48769743]  [0.48769743 1.44882346]] [[1.23232191 0.42498114]  [0.42498114 1.51705328]] [[1.55324576 0.64078149]  [0.64078149 1.59821318]] [[1.7353106  0.48329343]  [0.48329343 1.45398464]],6,"{0: 269, 1: 0, 2: 224, 3: 246, 4: 0, 5: 261}",2,1,1
77,10.0,17,250,1000,6,True,0.5065644106662099,6,5,[4.22226348 1.3066342 ] [1.16879409 3.77300046] [-0.62630863  1.36982593] [1.11179439 1.08653266] [2.01723911 0.36805511] [4.32340208 4.31319369],[0.25593421 0.34317768 0.00442063 0.14117111 0.06276976 0.19252663],[[1.26764047 0.39347537]  [0.39347537 1.63004307]] [[1.44946628 0.59456597]  [0.59456597 2.10715895]] [[7.41962217 2.63904641]  [2.63904641 2.95635809]] [[1.32439145 0.99943603]  [0.99943603 1.28864423]] [[0.68484579 0.22358247]  [0.22358247 1.29725762]] [[0.97917007 0.4308679 ]  [0.4308679  1.42189192]],6,"{0: 257, 1: 333, 2: 2, 3: 168, 4: 42, 5: 198}",6,1,5
78,10.0,18,250,1000,6,True,0.3803182756475869,6,6,[0.86632427 3.29232578] [1.26689194 0.55760372] [3.873769   2.64564936] [3.74309072 4.66776434] [-0.35760296  2.57051802] [4.08070324 0.68557094],[0.21936419 0.20567365 0.15992259 0.20628888 0.04128267 0.16746803],[[ 0.67996302 -0.0447795 ]  [-0.0447795   2.31508538]] [[2.19141154 0.55185   ]  [0.55185    1.46415547]] [[ 1.78209518 -0.05143364]  [-0.05143364  0.62981729]] [[1.985276   0.1312288 ]  [0.1312288  0.84003103]] [[ 2.52554608 -0.11954808]  [-0.11954808  1.60638684]] [[1.22493749 0.20883814]  [0.20883814 1.30566107]],6,"{0: 244, 1: 201, 2: 176, 3: 195, 4: 19, 5: 165}",4,2,1
79,10.0,19,250,1000,6,True,0.5516586796403407,4,4,[1.23797024 3.92807821] [3.95995188 1.2569785 ] [4.2435483  4.24957171] [0.96907425 0.94549113],[0.00107607 0.30117555 0.28107393 0.19719372 0.00106468 0.21841606],[[1.66726777 0.43427965]  [0.43427965 1.51625081]] [[1.53414176 0.45209542]  [0.45209542 1.55877498]] [[1.2927436  0.43870146]  [0.43870146 1.29197178]] [[1.43810695 0.47352944]  [0.47352944 1.34027131]],6,"{0: 0, 1: 295, 2: 283, 3: 199, 4: 0, 5: 223}",2,1,1
80,100.0,0,250,1000,6,True,0.5310062437013552,4,4,[3.90613735 1.05189048] [4.04359852 4.0705638 ] [0.94684095 0.82793347] [1.02686868 3.841454  ],[0.24622167 0.28295925 0.00107038 0.18414005 0.00106532 0.28454332],[[1.6672463  0.33779053]  [0.33779053 1.36417062]] [[1.712241   0.50594418]  [0.50594418 1.76915874]] [[1.49943013 0.43528796]  [0.43528796 1.05917396]] [[1.37561225 0.36707756]  [0.36707756 1.74892797]],6,"{0: 243, 1: 273, 2: 0, 3: 193, 4: 0, 5: 291}",2,1,1
81,100.0,1,250,1000,6,True,0.6491590821023979,5,4,[1.07685176 1.12093267] [4.03670463 1.22559672] [1.11528273 4.11129468] [4.07434943 4.21668755] [2.60835247 5.71861405],[0.25161139 0.28714928 0.24773751 0.20806864 0.00439124 0.00104194],[[1.15305394 0.53326258]  [0.53326258 1.39663757]] [[1.20358788 0.54434273]  [0.54434273 1.64529419]] [[1.19496344 0.49489661]  [0.49489661 1.33804816]] [[1.15359307 0.53218259]  [0.53218259 1.06986351]] [[2.02144812 0.25413618]  [0.25413618 6.6572582 ]],6,"{0: 248, 1: 285, 2: 245, 3: 220, 4: 2, 5: 0}",2,1,1
82,100.0,2,250,1000,6,True,0.4654005633730997,5,5,[0.62277263 2.65005774] [3.90323058 3.75130476] [1.05171023 3.95246265] [3.8242351  0.70112895] [0.72138688 0.41927244],[0.08655328 0.32545536 0.18460261 0.24631492 0.15602206 0.00105176],[[1.51178739 0.00306625]  [0.00306625 0.50166129]] [[1.77797405 0.32698807]  [0.32698807 1.60767134]] [[1.10825165 0.11155795]  [0.11155795 1.74618295]] [[1.88851435 0.45800199]  [0.45800199 1.1199533 ]] [[1.26995711 0.42164036]  [0.42164036 0.94762958]],6,"{0: 79, 1: 322, 2: 177, 3: 251, 4: 171, 5: 0}",2,1,1
83,100.0,3,250,1000,6,True,0.5276850731464017,4,4,[3.66655094 4.11568355] [0.46223787 0.88256664] [3.49580951 1.17017198] [0.75011501 3.9423372 ],[0.26323382 0.15821841 0.34348321 0.23296583 0.00105432 0.00104441],[[1.9058641  0.68680062]  [0.68680062 1.40874719]] [[1.07449829 0.56233967]  [0.56233967 1.32603425]] [[2.12035795 0.63427733]  [0.63427733 1.71664828]] [[1.36273641 0.57900615]  [0.57900615 1.70986953]],6,"{0: 268, 1: 163, 2: 333, 3: 236, 4: 0, 5: 0}",2,1,1
84,100.0,4,250,1000,6,True,0.5692614190972062,4,4,[0.93622985 1.03991157] [4.08057657 4.082203  ] [3.81401666 0.96006942] [0.90787723 3.86323522],[0.22894016 0.2411161  0.00107073 0.00106888 0.27721723 0.2505869 ],[[1.4176914  0.76506123]  [0.76506123 1.66049284]] [[1.37301312 0.53842692]  [0.53842692 1.58006417]] [[1.81228089 0.66967698]  [0.66967698 1.59926369]] [[1.36134411 0.63115935]  [0.63115935 1.73568677]],6,"{0: 234, 1: 238, 2: 0, 3: 0, 4: 277, 5: 251}",2,1,1
85,100.0,5,250,1000,6,True,0.5405475935737178,4,4,[4.23651634 3.86388746] [1.26844343 0.9108823 ] [4.22507983 0.86691432] [1.20865105 3.88932147],[0.24573448 0.28762487 0.00107247 0.17482626 0.00106553 0.28967638],[[1.09055034 0.26258696]  [0.26258696 1.73160615]] [[1.74043443 0.31002074]  [0.31002074 1.33620292]] [[0.95668752 0.23967661]  [0.23967661 1.23953005]] [[1.43939632 0.27048363]  [0.27048363 1.47187365]],6,"{0: 252, 1: 291, 2: 0, 3: 173, 4: 0, 5: 284}",2,1,1
86,100.0,6,250,1000,6,True,0.4971279691135192,4,4,[3.87805649 4.075444  ] [3.82933169 1.08552552] [0.88438901 3.92922853] [0.83499048 0.96901083],[0.27796733 0.26958477 0.22151447 0.22883737 0.00105372 0.00104234],[[1.90113342 0.35485493]  [0.35485493 1.44288104]] [[1.90440783 0.36669396]  [0.36669396 1.37280868]] [[1.36539739 0.27029235]  [0.27029235 1.34150836]] [[1.82179686 0.44039366]  [0.44039366 1.47547829]],6,"{0: 275, 1: 269, 2: 227, 3: 229, 4: 0, 5: 0}",2,1,1
87,100.0,7,250,1000,6,True,0.6140514937938827,4,4,[4.26611474 3.98250601] [1.27164782 3.91032381] [1.13562401 0.93292863] [4.11432011 0.98842434],[0.00107331 0.24125616 0.25759946 0.23906087 0.25995391 0.00105629],[[1.39409164 0.44021838]  [0.44021838 1.31604483]] [[1.3847096  0.34718617]  [0.34718617 1.27867142]] [[1.29608754 0.38041778]  [0.38041778 1.30509574]] [[1.38237836 0.39440672]  [0.39440672 1.35273585]],6,"{0: 0, 1: 241, 2: 258, 3: 243, 4: 258, 5: 0}",2,1,1
88,100.0,8,250,1000,6,True,0.502001015618488,5,5,[1.01355468 4.21751458] [3.84318677 1.08644347] [3.98519996 4.1578296 ] [0.83234978 0.62525264] [0.91455242 2.09723394],[0.21660247 0.27573395 0.24581317 0.1610965  0.09970511 0.00104881],[[1.22204423 0.24006613]  [0.24006613 1.2996901 ]] [[1.61846754 0.53286463]  [0.53286463 1.72778807]] [[1.47354267 0.39224766]  [0.39224766 1.63463876]] [[1.34169102 0.59698129]  [0.59698129 1.44403548]] [[1.69358991 0.17765704]  [0.17765704 0.45860987]],6,"{0: 212, 1: 290, 2: 236, 3: 147, 4: 115, 5: 0}",2,1,1
89,100.0,9,250,1000,6,True,0.5100281054575592,5,4,[1.26104823 4.30643555] [4.09546655 1.53883643] [4.16541037 4.50306943] [1.0625521  1.20338483] [5.80789926 2.7583824 ],[0.26803197 0.30032397 0.14895894 0.27641232 0.00105488 0.00521792],[[1.78415464 0.50224242]  [0.50224242 1.44314486]] [[1.17488777 0.45799467]  [0.45799467 2.21192719]] [[1.19773623 0.57381296]  [0.57381296 1.12965524]] [[1.29303367 0.35423901]  [0.35423901 1.65316057]] [[6.4263397  0.45101856]  [0.45101856 2.22416139]],6,"{0: 268, 1: 295, 2: 156, 3: 279, 4: 0, 5: 2}",2,1,1
90,100.0,10,250,1000,6,True,0.4506832325654728,5,5,[3.74237076 0.93491402] [0.8438515  1.30280146] [4.48544439 3.54577466] [3.54645654 4.26670177] [0.94494152 4.13249894],[0.00107443 0.2678782  0.19478719 0.17268619 0.16479621 0.19877778],[[1.95359502 0.33495965]  [0.33495965 1.18292058]] [[1.05378918 0.38041974]  [0.38041974 1.62183161]] [[1.90511528 0.79937954]  [0.79937954 2.01412242]] [[1.03315913 0.30231083]  [0.30231083 1.45108942]] [[1.00149066 0.21648378]  [0.21648378 1.40762938]],6,"{0: 0, 1: 281, 2: 207, 3: 132, 4: 180, 5: 200}",4,3,1
91,100.0,11,250,1000,6,True,0.4967962665826797,5,5,[4.21369864 3.01477398] [0.98616269 0.71051678] [1.17916094 3.78311231] [3.89603393 0.70607542] [4.23866797 4.39686971],[0.12378199 0.22969468 0.32083894 0.00106794 0.19545264 0.12916382],[[ 1.34738246 -0.10671329]  [-0.10671329  0.79465979]] [[1.3125478  0.20828586]  [0.20828586 1.05414268]] [[1.76321775 0.36481495]  [0.36481495 1.58588843]] [[0.97136863 0.10365433]  [0.10365433 1.07286162]] [[1.27737018 0.62741607]  [0.62741607 1.38458028]],6,"{0: 115, 1: 239, 2: 322, 3: 0, 4: 206, 5: 118}",3,2,1
92,100.0,12,250,1000,6,True,0.5283895611997195,4,4,[3.67205315 3.78156742] [3.50596723 0.78806332] [0.73564135 4.01816696] [0.58868145 1.01900592],[0.35703966 0.00107227 0.26214106 0.19366295 0.00106388 0.18502018],[[1.86380991 0.18889039]  [0.18889039 1.91957766]] [[1.85291725 0.15349448]  [0.15349448 1.07654273]] [[1.05843237 0.09546971]  [0.09546971 1.08621192]] [[0.99257432 0.17122446]  [0.17122446 1.20305132]],6,"{0: 342, 1: 0, 2: 263, 3: 202, 4: 0, 5: 193}",2,1,1
93,100.0,13,250,1000,6,True,0.4376842167585793,4,4,[1.18904651 3.66015072] [3.71812003 1.13923352] [4.34203406 4.3863431 ] [0.86184687 0.7991956 ],[0.35471974 0.3503606  0.13487728 0.15795095 0.00105139 0.00104004],[[1.98820454 0.80036403]  [0.80036403 2.17174973]] [[2.01794856 0.861525  ]  [0.861525   2.36054078]] [[1.07518923 0.57683056]  [0.57683056 1.08901094]] [[1.59774797 0.95626023]  [0.95626023 1.2246258 ]],6,"{0: 354, 1: 345, 2: 144, 3: 157, 4: 0, 5: 0}",2,1,1
94,100.0,14,250,1000,6,True,0.520529013874895,4,4,[3.54201513 1.21355159] [0.57604089 1.17837655] [0.9954501  4.09500441] [3.95915413 4.16450521],[0.35230008 0.22033591 0.23059446 0.00106548 0.194654   0.00105008],[[1.73380423 0.46022353]  [0.46022353 1.88777974]] [[0.9686024  0.5139388 ]  [0.5139388  1.98852362]] [[1.33782687 0.34726247]  [0.34726247 1.39266018]] [[1.13176655 0.36753706]  [0.36753706 1.34458582]],6,"{0: 346, 1: 218, 2: 237, 3: 0, 4: 199, 5: 0}",2,1,1
95,100.0,15,250,1000,6,True,0.5430520537415024,4,4,[0.86013169 3.79662636] [0.71949549 0.79606338] [3.68437689 0.95034925] [3.79596542 3.92265235],[0.25891906 0.00107231 0.19281454 0.26537523 0.28076426 0.0010546 ],[[1.5483638  0.32531404]  [0.32531404 1.43150966]] [[1.55920572 0.29956929]  [0.29956929 1.03141519]] [[1.96409784 0.33583769]  [0.33583769 1.14400091]] [[1.8353038  0.36515759]  [0.36515759 1.39756332]],6,"{0: 257, 1: 0, 2: 200, 3: 263, 4: 280, 5: 0}",2,1,1
96,100.0,16,250,1000,6,True,0.5608709645826178,4,4,[3.91097521 1.06932463] [0.85864731 1.0107021 ] [4.11985591 3.94235343] [1.26126169 4.07551726],[0.27146511 0.00107269 0.21672396 0.23802302 0.00106707 0.27164814],[[1.69141292 0.49493986]  [0.49493986 1.45182793]] [[1.23451793 0.42522571]  [0.42522571 1.49170069]] [[1.53130868 0.65666915]  [0.65666915 1.60462286]] [[1.7629915  0.48868999]  [0.48868999 1.46952004]],6,"{0: 270, 1: 0, 2: 217, 3: 242, 4: 0, 5: 271}",2,1,1
97,100.0,17,250,1000,6,True,0.5085354769962378,6,5,[4.22970324 1.29396093] [1.16058001 3.77459074] [-0.63625721  1.36975789] [1.11387142 1.09073331] [2.02242969 0.37436823] [4.31412349 4.29669589],[0.25211489 0.34094494 0.00442952 0.14140145 0.06437951 0.1967297 ],[[1.25584957 0.38693984]  [0.38693984 1.60784784]] [[1.43850908 0.59417046]  [0.59417046 2.10465602]] [[7.40913592 2.62676426]  [2.62676426 2.94965747]] [[1.32681703 1.00258642]  [1.00258642 1.29193953]] [[0.68810647 0.22248713]  [0.22248713 1.29597371]] [[0.99337297 0.43198453]  [0.43198453 1.43727728]],6,"{0: 254, 1: 332, 2: 2, 3: 167, 4: 44, 5: 201}",7,1,6
98,100.0,18,250,1000,6,True,0.4056986011632336,6,6,[0.86551549 3.32458978] [1.20109767 0.56668657] [3.85458838 2.65867305] [3.74454173 4.66161157] [-0.30397897  2.50349802] [4.04502342 0.7116913 ],[0.21447847 0.19619083 0.15291965 0.20724982 0.0463912  0.18277004],[[ 0.67387686 -0.04292795]  [-0.04292795  2.2772359 ]] [[2.0071102  0.59886475]  [0.59886475 1.4679587 ]] [[ 1.78864821 -0.04795945]  [-0.04795945  0.61216398]] [[1.97858549 0.13146748]  [0.13146748 0.84538383]] [[ 2.52036643 -0.08530791]  [-0.08530791  1.67104822]] [[1.27672095 0.25045826]  [0.25045826 1.35587281]],6,"{0: 237, 1: 197, 2: 164, 3: 195, 4: 23, 5: 184}",4,2,1
99,100.0,19,250,1000,6,True,0.5576246602246755,4,4,[1.23339335 3.95015937] [3.9852888  1.25127146] [4.23458915 4.23816871] [0.99936431 0.97286804],[0.00107669 0.296137   0.27538725 0.19929218 0.00106599 0.22704088],[[1.66340387 0.43594255]  [0.43594255 1.49131863]] [[1.50661968 0.4532954 ]  [0.4532954  1.55391676]] [[1.29876902 0.44467995]  [0.44467995 1.30170364]] [[1.46634506 0.48056253]  [0.48056253 1.3641559 ]],6,"{0: 0, 1: 291, 2: 277, 3: 201, 4: 0, 5: 231}",2,1,1
100,1000.0,0,250,1000,6,True,0.5382274524707951,4,4,[3.96743702 1.0355195 ] [1.01089953 0.83319165] [4.08255159 4.05717839] [1.06009265 3.83800147],[0.23394778 0.00107072 0.00107002 0.19233046 0.27778767 0.29379333],[[1.60420024 0.34672271]  [0.34672271 1.35894835]] [[1.5661062  0.4424243 ]  [0.4424243  1.05544886]] [[1.65414599 0.50559172]  [0.50559172 1.79468767]] [[1.4082108  0.36818486]  [0.36818486 1.75183239]],6,"{0: 236, 1: 0, 2: 0, 3: 199, 4: 270, 5: 295}",2,1,1
101,1000.0,1,250,1000,6,True,0.6491590821023979,5,4,[1.07186724 1.11044559] [4.03145875 1.20970025] [1.11031225 4.10199367] [4.06942216 4.20294506] [2.60721851 5.69374337],[0.24878858 0.28525811 0.24853163 0.21182398 0.0045326  0.00106511],[[1.14637617 0.53218342]  [0.53218342 1.3822374 ]] [[1.20726172 0.54230049]  [0.54230049 1.62354118]] [[1.19068253 0.49554333]  [0.49554333 1.34745148]] [[1.16259182 0.53240059]  [0.53240059 1.08271827]] [[2.02237704 0.256848  ]  [0.256848   6.64059167]],6,"{0: 248, 1: 285, 2: 245, 3: 220, 4: 2, 5: 0}",2,1,1
102,1000.0,2,250,1000,6,True,0.4584876588204209,5,5,[0.62567747 2.67438118] [3.91144486 3.75934874] [1.08396864 4.06151194] [3.84014127 0.7106303 ] [0.74396188 0.44524431],[0.09577603 0.32176946 0.17304007 0.24610338 0.16224464 0.00106642],[[1.45736468 0.01344296]  [0.01344296 0.4996247 ]] [[1.77011093 0.32803147]  [0.32803147 1.59515044]] [[1.1223019  0.08875234]  [0.08875234 1.64120235]] [[1.86294051 0.45369943]  [0.45369943 1.12631257]] [[1.27975557 0.42832752]  [0.42832752 0.97120907]],6,"{0: 103, 1: 320, 2: 154, 3: 252, 4: 171, 5: 0}",2,1,1
103,1000.0,3,250,1000,6,True,0.5265824855091631,4,4,[3.69258338 4.12703827] [0.45303014 0.86881725] [3.49154457 1.18033239] [0.7726124  3.93288999],[0.25657826 0.1556186  0.34653896 0.23912997 0.00106722 0.00106699],[[1.87513953 0.68908656]  [0.68908656 1.39824029]] [[1.06710421 0.55866383]  [0.55866383 1.31348764]] [[2.12815937 0.63593669]  [0.63593669 1.72875191]] [[1.38424941 0.57928587]  [0.57928587 1.72091024]],6,"{0: 262, 1: 161, 2: 337, 3: 240, 4: 0, 5: 0}",2,1,1
104,1000.0,4,250,1000,6,True,0.5763009762382584,4,4,[0.91347772 0.99236498] [4.09573656 4.09742491] [3.77311653 0.96496327] [0.91499009 3.79693767],[0.20997593 0.23544092 0.00106974 0.00106899 0.28719416 0.26525026],[[1.38730151 0.79978875]  [0.79978875 1.58993771]] [[1.33117371 0.53632152]  [0.53632152 1.56602527]] [[1.89186756 0.70728365]  [0.70728365 1.63428716]] [[1.38430345 0.64739352]  [0.64739352 1.81385746]],6,"{0: 215, 1: 231, 2: 0, 3: 0, 4: 285, 5: 269}",2,1,1
105,1000.0,5,250,1000,6,True,0.5503212456478769,4,4,[4.25897615 3.88804624] [1.2624454  0.87907422] [4.21743094 0.89306305] [1.2311868  3.85437924],[0.2367752  0.27851824 0.00107126 0.18041274 0.001068   0.30215457],[[1.06102278 0.2689402 ]  [0.2689402  1.70170536]] [[1.72995919 0.31968064]  [0.31968064 1.30046655]] [[0.97522876 0.24898647]  [0.24898647 1.27208841]] [[1.47614185 0.28006018]  [0.28006018 1.51823568]],6,"{0: 243, 1: 278, 2: 0, 3: 184, 4: 0, 5: 295}",2,1,1
106,1000.0,6,250,1000,6,True,0.5122998942315724,4,4,[3.88261269 4.08205638] [0.89066753 3.91907762] [0.97161085 0.95220334] [3.97168356 1.11013378],[0.27578191 0.00107274 0.22407523 0.25128105 0.24672219 0.00106688],[[1.89596189 0.35444465]  [0.35444465 1.43863763]] [[1.36479531 0.26542733]  [0.26542733 1.34905275]] [[1.96636877 0.42314914]  [0.42314914 1.45194156]] [[1.73028867 0.33985557]  [0.33985557 1.37893501]],6,"{0: 276, 1: 0, 2: 228, 3: 248, 4: 248, 5: 0}",2,1,1
107,1000.0,7,250,1000,6,True,0.6001183509232008,4,4,[4.27374522 4.0024246 ] [1.27770272 3.9202427 ] [1.1236395 0.9432681] [4.10248645 1.00654051],[0.00107112 0.23701873 0.25636958 0.2389624  0.26550859 0.00106957],[[1.38883076 0.43575168]  [0.43575168 1.2941456 ]] [[1.3906475  0.34471913]  [0.34471913 1.26701097]] [[1.28333114 0.37855699]  [0.37855699 1.31903982]] [[1.39470995 0.39258481]  [0.39258481 1.371264  ]],6,"{0: 0, 1: 236, 2: 256, 3: 242, 4: 266, 5: 0}",2,1,1
108,1000.0,8,250,1000,6,True,0.5019289675061189,5,5,[1.01645085 4.24505791] [3.86109117 1.07198322] [3.98821321 4.15462041] [0.84090039 0.59137975] [0.94782222 2.10220316],[0.21254585 0.27017999 0.2470912  0.15906418 0.11005247 0.00106632],[[1.21713079 0.23152375]  [0.23152375 1.26043701]] [[1.59767094 0.5362454 ]  [0.5362454  1.71553558]] [[1.46974157 0.38371041]  [0.38371041 1.63676503]] [[1.35623656 0.59592772]  [0.59592772 1.41404775]] [[1.70699549 0.17786025]  [0.17786025 0.47255473]],6,"{0: 205, 1: 284, 2: 237, 3: 145, 4: 129, 5: 0}",2,1,1
109,1000.0,9,250,1000,6,True,0.485986891234221,6,5,[0.71028557 3.91177424] [4.09466988 1.51210002] [4.08595998 4.61358149] [1.05034744 1.20293672] [1.70500089 4.6934997 ] [5.73256767 2.71304462],[0.14588876 0.28942232 0.17929623 0.28578411 0.09374489 0.00586369],[[1.42180021 0.09714259]  [0.09714259 0.89369125]] [[1.13353543 0.41406853]  [0.41406853 2.17290342]] [[1.23541336 0.33715879]  [0.33715879 1.22640787]] [[1.33826415 0.30547566]  [0.30547566 1.63370846]] [[ 0.76404554 -0.21126802]  [-0.21126802  1.48259052]] [[6.24919266 0.40206202]  [0.40206202 2.23102517]],6,"{0: 145, 1: 288, 2: 191, 3: 292, 4: 82, 5: 2}",4,3,1
110,1000.0,10,250,1000,6,True,0.4600830882707236,5,5,[3.75309243 0.9192596 ] [0.85886512 1.24426048] [4.50357012 3.48826527] [3.56458088 4.25500102] [0.94112201 4.0743279 ],[0.00107168 0.26172468 0.18823619 0.16877795 0.17176603 0.20842346],[[1.94173142 0.33610195]  [0.33610195 1.17163013]] [[1.06456842 0.39397635]  [0.39397635 1.55776217]] [[1.90831558 0.8432765 ]  [0.8432765  2.07597214]] [[1.04067227 0.3028076 ]  [0.3028076  1.45771898]] [[1.00723678 0.22932104]  [0.22932104 1.47116937]],6,"{0: 0, 1: 276, 2: 204, 3: 125, 4: 188, 5: 207}",4,3,1
111,1000.0,11,250,1000,6,True,0.5164974484271279,5,5,[4.23199449 2.97460121] [0.9778912 0.7096694] [1.15927776 3.78744505] [3.90874109 0.74546903] [4.18163253 4.27372798],[0.09890188 0.22842389 0.31673203 0.00106856 0.20286314 0.15201051],[[ 1.44979731 -0.12252708]  [-0.12252708  0.66518649]] [[1.30139364 0.20677012]  [0.20677012 1.05085508]] [[1.73479758 0.36483208]  [0.36483208 1.57849978]] [[0.97787633 0.12285359]  [0.12285359 1.11054813]] [[1.2740811  0.61369123]  [0.61369123 1.42745886]],6,"{0: 88, 1: 239, 2: 317, 3: 0, 4: 208, 5: 148}",3,1,1
112,1000.0,12,250,1000,6,True,0.5463013442562192,4,4,[3.71392205 3.81034104] [3.53810341 0.80681428] [0.77254321 4.03107732] [0.61999944 1.03657163],[0.34403318 0.00107013 0.26209064 0.19800372 0.00106761 0.19373472],[[1.80920494 0.18110286]  [0.18110286 1.8877195 ]] [[1.81107962 0.15424802]  [0.15424802 1.09246679]] [[1.09225294 0.09045355]  [0.09045355 1.07337008]] [[1.02037236 0.17067908]  [0.17067908 1.226674  ]],6,"{0: 333, 1: 0, 2: 257, 3: 207, 4: 0, 5: 203}",2,1,1
113,1000.0,13,250,1000,6,True,0.5037667990057396,5,5,[1.15900597 3.68876251] [3.80325212 0.93045423] [4.28143408 4.22905138] [1.16452581 1.03142839] [4.21519255 0.19982302],[0.34607995 0.25393013 0.16325821 0.20033195 0.00106683 0.03533294],[[1.96545648 0.82261454]  [0.82261454 2.13687601]] [[2.02439789 1.23607651]  [1.23607651 1.81876468]] [[1.11202352 0.61260386]  [0.61260386 1.20279659]] [[1.85375269 1.1706088 ]  [1.1706088  1.37604949]] [[ 1.23111108 -0.30656598]  [-0.30656598  3.0283001 ]],6,"{0: 323, 1: 264, 2: 181, 3: 218, 4: 0, 5: 14}",3,1,2
114,1000.0,14,250,1000,6,True,0.5492265465901254,4,4,[3.52887582 1.11235961] [0.94679734 3.98695377] [0.56789407 1.05637779] [3.92422474 4.0710964 ],[0.33203208 0.00107162 0.2432154  0.203724   0.21889001 0.0010669 ],[[1.73856504 0.44625495]  [0.44625495 1.76417548]] [[1.27841515 0.34830282]  [0.34830282 1.49598512]] [[0.96674083 0.51268825]  [0.51268825 1.8444877 ]] [[1.18444886 0.35015575]  [0.35015575 1.43090129]],6,"{0: 327, 1: 0, 2: 249, 3: 205, 4: 219, 5: 0}",2,1,1
115,1000.0,15,250,1000,6,True,0.5436472377769558,4,4,[0.81423186 3.79505479] [0.66569798 0.79935358] [3.63243309 0.93832195] [3.75132879 3.9151186 ],[0.24946166 0.00107078 0.18521112 0.27190497 0.29128339 0.00106809],[[1.49915192 0.31801409]  [0.31801409 1.42612079]] [[1.50612152 0.30021269]  [0.30021269 1.03419241]] [[2.02416649 0.33919383]  [0.33919383 1.13343926]] [[1.88367423 0.36067367]  [0.36067367 1.40826352]],6,"{0: 250, 1: 0, 2: 190, 3: 270, 4: 290, 5: 0}",2,1,1
116,1000.0,16,250,1000,6,True,0.5595130073469774,4,4,[3.92972224 1.06221858] [0.86752636 0.97953548] [4.15764975 3.92582291] [1.30762451 4.05143843],[0.26744299 0.00107058 0.21380041 0.23060741 0.00107006 0.28600856],[[1.68013566 0.50669854]  [0.50669854 1.45169657]] [[1.2437676  0.4253698 ]  [0.4253698  1.44762047]] [[1.49022069 0.68167135]  [0.68167135 1.62346159]] [[1.81715825 0.49447594]  [0.49447594 1.49741663]],6,"{0: 266, 1: 0, 2: 216, 3: 236, 4: 0, 5: 282}",2,1,1
117,1000.0,17,250,1000,6,True,0.49653524419091205,6,5,[4.25216053 1.27178794] [1.14235331 3.77979781] [-0.6464274   1.37451851] [1.11950918 1.10225828] [2.04045918 0.38625837] [4.29405348 4.2625209 ],[0.24309833 0.33571252 0.00448626 0.14217247 0.06889198 0.20563843],[[1.22129177 0.36822839]  [0.36822839 1.56331394]] [[1.41467607 0.5935468 ]  [0.5935468  2.09657138]] [[7.3839866  2.59908376]  [2.59908376 2.93346279]] [[1.33332667 1.0107592 ]  [1.0107592  1.30082586]] [[0.70169373 0.21961412]  [0.21961412 1.28623087]] [[1.02559072 0.4336258 ]  [0.4336258  1.4707121 ]],6,"{0: 242, 1: 326, 2: 2, 3: 170, 4: 51, 5: 209}",7,1,6
118,1000.0,18,250,1000,6,True,0.41497021039512094,6,6,[0.86412878 3.33190586] [1.12858286 0.55412586] [3.81792008 2.67986188] [3.73339478 4.64962612] [-0.21369992  2.44472844] [4.00631795 0.77985726],[0.20929322 0.18330306 0.1410273  0.2101681  0.05284858 0.20335975],[[ 0.66233333 -0.04920242]  [-0.04920242  2.27776522]] [[1.85847787 0.62315813]  [0.62315813 1.4639308 ]] [[ 1.81387127 -0.04371373]  [-0.04371373  0.5823329 ]] [[1.98859629 0.1336942 ]  [0.1336942  0.85543571]] [[ 2.53516224 -0.06678545]  [-0.06678545  1.74376767]] [[1.34054044 0.28282622]  [0.28282622 1.43431449]],6,"{0: 236, 1: 190, 2: 150, 3: 197, 4: 25, 5: 202}",4,2,1
119,1000.0,19,250,1000,6,True,0.5624716324902114,4,4,[1.19676011 3.99325718] [4.02299766 1.25253711] [4.19437001 4.23265148] [1.0475439  1.02824241],[0.00107152 0.280976   0.26827632 0.20554319 0.001069   0.24306397],[[1.62172184 0.43560201]  [0.43560201 1.44228859]] [[1.46385639 0.45225357]  [0.45225357 1.55569767]] [[1.33764872 0.44872681]  [0.44872681 1.30229702]] [[1.51164047 0.49211632]  [0.49211632 1.41924095]],6,"{0: 0, 1: 275, 2: 265, 3: 209, 4: 0, 5: 251}",2,1,1
120,10000.0,0,250,1000,6,True,0.541845759711127,4,4,[3.97209825 1.01512364] [1.01425593 0.82368247] [4.06816311 4.03113355] [1.05090948 3.82842767],[0.22905207 0.00106933 0.00106923 0.19139734 0.28390287 0.29350917],[[1.59623162 0.34436716]  [0.34436716 1.33829843]] [[1.57106575 0.44041283]  [0.44041283 1.0458228 ]] [[1.67187124 0.50967564]  [0.50967564 1.82777348]] [[1.39847752 0.3673835 ]  [0.3673835  1.76426161]],6,"{0: 233, 1: 0, 2: 0, 3: 201, 4: 272, 5: 294}",2,1,1
121,10000.0,1,250,1000,6,True,0.6491657933564906,5,4,[1.06877665 1.10159006] [4.02802774 1.2017446 ] [1.10858684 4.09330685] [4.06778107 4.19625169] [2.61034928 5.68588897],[0.24650546 0.28455207 0.24989612 0.21348647 0.00449065 0.00106922],[[1.14148731 0.53243981]  [0.53243981 1.37074396]] [[1.21036927 0.542054  ]  [0.542054   1.61359797]] [[1.19058371 0.49727074]  [0.49727074 1.35999223]] [[1.16583284 0.53249125]  [0.53249125 1.08934781]] [[2.01717768 0.26120397]  [0.26120397 6.6602463 ]],6,"{0: 246, 1: 283, 2: 246, 3: 223, 4: 2, 5: 0}",2,1,1
122,10000.0,2,250,1000,6,True,0.4302950726618869,6,6,[0.65184753 2.66943787] [3.94433049 3.88513984] [1.03119938 3.8397584 ] [3.64022359 0.57696467] [0.91026954 0.38704551] [4.80818826 1.46188101],[0.07879279 0.30489875 0.19331657 0.15364804 0.18815108 0.08119277],[[1.61080639 0.01455909]  [0.01455909 0.49232289]] [[1.81700068 0.23960703]  [0.23960703 1.46489517]] [[1.09176559 0.09402456]  [0.09402456 1.83862241]] [[0.82085323 0.06586551]  [0.06586551 1.11796421]] [[1.39846373 0.34701972]  [0.34701972 0.98544234]] [[ 1.57702033 -0.18627454]  [-0.18627454  0.78607659]],6,"{0: 46, 1: 314, 2: 213, 3: 164, 4: 200, 5: 63}",3,1,2
123,10000.0,3,250,1000,6,True,0.5230595921776614,4,4,[3.7073163  4.13562608] [0.44923222 0.86276147] [3.49006732 1.18756055] [0.78462521 3.92838634],[0.25262744 0.15452823 0.34845158 0.24225258 0.00106931 0.00107086],[[1.85814846 0.68887728]  [0.68887728 1.39043307]] [[1.0643299  0.55708909]  [0.55708909 1.308324  ]] [[2.13078015 0.63661987]  [0.63661987 1.73743821]] [[1.39568692 0.57890776]  [0.57890776 1.72563252]],6,"{0: 257, 1: 159, 2: 340, 3: 244, 4: 0, 5: 0}",2,1,1
124,10000.0,4,250,1000,6,True,0.5706609174879428,4,4,[0.89810585 0.96877188] [4.10309794 4.10707612] [3.74874634 0.96884029] [0.91867553 3.76428446],[0.19994543 0.2324219  0.00106922 0.00106911 0.29310023 0.27239411],[[1.37073528 0.81561322]  [0.81561322 1.55530917]] [[1.31161655 0.5342709 ]  [0.5342709  1.55667049]] [[1.93686947 0.72567956]  [0.72567956 1.65294743]] [[1.39454129 0.65445853]  [0.65445853 1.85362216]],6,"{0: 208, 1: 230, 2: 0, 3: 0, 4: 289, 5: 273}",2,1,1
125,10000.0,5,250,1000,6,True,0.5393822459247553,4,4,[4.2786538  3.90611227] [1.26198648 0.86742508] [4.21630382 0.91129442] [1.25134865 3.84140808],[0.2300276  0.27525566 0.00106961 0.18353129 0.00106912 0.30904672],[[1.03736361 0.27122426]  [0.27122426 1.68083998]] [[1.72928581 0.32382021]  [0.32382021 1.2878422 ]] [[0.98317128 0.25412277]  [0.25412277 1.2935018 ]] [[1.50548438 0.28449861]  [0.28449861 1.53691581]],6,"{0: 235, 1: 279, 2: 0, 3: 185, 4: 0, 5: 301}",2,1,1
126,10000.0,6,250,1000,6,True,0.5015764662880471,4,4,[3.89231993 4.10425602] [0.89876131 3.92179109] [0.99190536 0.95726268] [3.98962811 1.1331812 ],[0.27022324 0.00107091 0.22495028 0.25527814 0.24740822 0.00106921],[[1.88623017 0.35211595]  [0.35211595 1.41526837]] [[1.37256394 0.26505657]  [0.26505657 1.34610155]] [[1.98765474 0.42427409]  [0.42427409 1.45818405]] [[1.70805106 0.33567085]  [0.33567085 1.40080109]],6,"{0: 272, 1: 0, 2: 229, 3: 252, 4: 247, 5: 0}",2,1,1
127,10000.0,7,250,1000,6,True,0.6022411371365771,4,4,[4.27810301 4.0114295 ] [1.28122263 3.92462347] [1.11952334 0.94801274] [4.09832507 1.0147045 ],[0.00106967 0.23493648 0.25596768 0.23913985 0.26781575 0.00107056],[[1.38530382 0.43363291]  [0.43363291 1.28454841]] [[1.39422697 0.34362454]  [0.34362454 1.26186528]] [[1.27909551 0.37790939]  [0.37790939 1.32541293]] [[1.39913292 0.39194217]  [0.39194217 1.37988936]],6,"{0: 0, 1: 234, 2: 256, 3: 239, 4: 271, 5: 0}",2,1,1
128,10000.0,8,250,1000,6,True,0.5010341789311638,5,5,[1.01535301 4.25383297] [3.86924314 1.07917635] [3.9863056  4.16388768] [0.8447098  0.58540301] [0.95713222 2.10604706],[0.2108416  0.27002754 0.24614402 0.15942844 0.112489   0.0010694 ],[[1.21394192 0.22908354]  [0.22908354 1.24888675]] [[1.58742005 0.53551439]  [0.53551439 1.72220989]] [[1.47247563 0.38215184]  [0.38215184 1.62570955]] [[1.36118076 0.59171368]  [0.59171368 1.40971636]] [[1.711005   0.17734141]  [0.17734141 0.47644547]],6,"{0: 204, 1: 285, 2: 236, 3: 145, 4: 130, 5: 0}",2,1,1
129,10000.0,9,250,1000,6,True,0.4763809797559453,6,5,[0.58139304 3.76621063] [4.09809158 1.51274155] [4.08361025 4.60619909] [1.04842926 1.19680896] [1.6196115  4.68121357] [5.7278464  2.71226809],[0.11943471 0.28850539 0.17978825 0.28624851 0.12006862 0.00595452],[[ 1.41254322 -0.01606603]  [-0.01606603  0.77498999]] [[1.13030461 0.41355723]  [0.41355723 2.17110815]] [[1.23092673 0.34705103]  [0.34705103 1.22558816]] [[1.34810032 0.29595286]  [0.29595286 1.62444218]] [[ 0.81712008 -0.14003913]  [-0.14003913  1.32979345]] [[6.22551768 0.40275109]  [0.40275109 2.23280875]],6,"{0: 104, 1: 288, 2: 189, 3: 293, 4: 124, 5: 2}",4,3,1
130,10000.0,10,250,1000,6,True,0.4672314541704108,5,5,[3.75644689 0.91057545] [0.86414348 1.22260662] [4.50544447 3.45858178] [3.57052245 4.24925938] [0.93849934 4.05213784],[0.00106998 0.25855499 0.18566911 0.16817697 0.1747024  0.21182655],[[1.93764092 0.33575262]  [0.33575262 1.16476673]] [[1.06830861 0.39917989]  [0.39917989 1.53502168]] [[1.9138774  0.86272428]  [0.86272428 2.10976514]] [[1.04719361 0.30274238]  [0.30274238 1.46118168]] [[1.00802047 0.23375282]  [0.23375282 1.4961455 ]],6,"{0: 0, 1: 276, 2: 200, 3: 125, 4: 188, 5: 211}",4,3,1
131,10000.0,11,250,1000,6,True,0.5259113999754548,5,5,[4.24156168 2.96329367] [0.97316846 0.70761314] [1.15334033 3.78594602] [3.91243964 0.75762044] [4.1644028  4.23040111],[0.09061591 0.2273767  0.31583833 0.0010689  0.20520417 0.159896  ],[[ 1.48647261 -0.12833653]  [-0.12833653  0.63648283]] [[1.29598436 0.20586471]  [0.20586471 1.04804796]] [[1.72524172 0.36262296]  [0.36262296 1.5774127 ]] [[0.9826835  0.13117467]  [0.13117467 1.12485796]] [[1.27472043 0.6088437 ]  [0.6088437  1.45012894]],6,"{0: 67, 1: 238, 2: 316, 3: 0, 4: 211, 5: 168}",3,1,1
132,10000.0,12,250,1000,6,True,0.5498079188023353,4,4,[3.72773704 3.82044612] [3.54678209 0.81383777] [0.7852639  4.03358346] [0.62829188 1.04050681],[0.33944665 0.00106937 0.26256269 0.19981076 0.00106903 0.19604149],[[1.79135512 0.17951626]  [0.17951626 1.87629068]] [[1.80057502 0.15488161]  [0.15488161 1.09877107]] [[1.10419313 0.08903395]  [0.08903395 1.0718959 ]] [[1.0278697  0.17061748]  [0.17061748 1.2320045 ]],6,"{0: 329, 1: 0, 2: 258, 3: 208, 4: 0, 5: 205}",2,1,1
133,10000.0,13,250,1000,6,True,0.5007652614000627,5,5,[1.1525884  3.69707954] [3.80306567 0.92292406] [4.27917285 4.22833803] [1.17781892 1.04198031] [4.22267179 0.30354429],[0.34332426 0.24880813 0.1639339  0.2038376  0.00106906 0.03902705],[[1.95804312 0.82433257]  [0.82433257 2.12618028]] [[2.02682927 1.2541478 ]  [1.2541478  1.81583208]] [[1.11551835 0.61186435]  [0.61186435 1.20375983]] [[1.8643209  1.17467756]  [1.17467756 1.38175275]] [[ 1.214475   -0.28028131]  [-0.28028131  3.06535085]],6,"{0: 319, 1: 263, 2: 181, 3: 222, 4: 0, 5: 15}",3,1,2
134,10000.0,14,250,1000,6,True,0.5416647309078837,4,4,[3.53078018 1.07905607] [0.93836239 4.00157863] [0.57949933 1.07999679] [3.91255766 4.03506349],[0.32414937 0.00107127 0.23914764 0.20782203 0.22674024 0.00106945],[[1.73317686 0.44350161]  [0.44350161 1.72651265]] [[1.27124512 0.3483862 ]  [0.3483862  1.48095715]] [[0.97556712 0.5195763 ]  [0.5195763  1.86629442]] [[1.20091596 0.35183514]  [0.35183514 1.46383988]],6,"{0: 320, 1: 0, 2: 241, 3: 212, 4: 227, 5: 0}",2,1,1
135,10000.0,15,250,1000,6,True,0.5442998546559712,4,4,[0.77853356 3.79347907] [0.64477313 0.80117836] [3.61186418 0.93350793] [3.71557924 3.91155958],[0.24228983 0.00106989 0.18227109 0.27446647 0.29883318 0.00106953],[[1.46230629 0.31360839]  [0.31360839 1.42348823]] [[1.48563438 0.30066922]  [0.30066922 1.03589249]] [[2.0485864  0.34062506]  [0.34062506 1.12930509]] [[1.92391605 0.35888868]  [0.35888868 1.41305302]],6,"{0: 245, 1: 0, 2: 184, 3: 275, 4: 296, 5: 0}",2,1,1
136,10000.0,16,250,1000,6,True,0.5677811135277305,4,4,[3.93956275 1.05584444] [0.87341462 0.96735394] [4.17041103 3.91566417] [1.32422787 4.04119273],[0.2646482  0.00106951 0.21302616 0.22868827 0.0010701  0.29149777],[[1.6724152  0.51095844]  [0.51095844 1.44792451]] [[1.2500441  0.42546697]  [0.42546697 1.43054368]] [[1.47651471 0.69062839]  [0.69062839 1.63614913]] [[1.83700774 0.49579331]  [0.49579331 1.50862947]],6,"{0: 263, 1: 0, 2: 215, 3: 234, 4: 0, 5: 288}",2,1,1
137,10000.0,17,250,1000,6,True,0.4950761593236006,6,5,[4.26460492 1.26526525] [1.13480447 3.78233186] [-0.64733448  1.37762612] [1.12299466 1.10846121] [2.05189217 0.38938723] [4.2860181 4.2493492],[0.23898029 0.33349904 0.00451861 0.14261623 0.07123219 0.20915365],[[1.2029301  0.35840065]  [0.35840065 1.5466078 ]] [[1.40505393 0.59338984]  [0.59338984 2.09262425]] [[7.37346474 2.58793789]  [2.58793789 2.9266435 ]] [[1.33714466 1.01521878]  [1.01521878 1.30543213]] [[0.71221506 0.21858787]  [0.21858787 1.27789886]] [[1.03929351 0.43381942]  [0.43381942 1.48429433]],6,"{0: 237, 1: 326, 2: 2, 3: 171, 4: 52, 5: 212}",7,1,6
138,10000.0,18,250,1000,6,True,0.4156583649924371,6,6,[0.86311284 3.33364201] [1.10354752 0.54650241] [3.80207308 2.68741939] [3.72598044 4.6443935 ] [-0.16551812  2.4239578 ] [3.99366232 0.80907462],[0.2066152  0.17862553 0.13615665 0.21161144 0.05591972 0.21107146],[[ 0.65619888 -0.05308802]  [-0.05308802  2.28066189]] [[1.81354996 0.62689164]  [0.62689164 1.46127544]] [[ 1.82621346 -0.04222342]  [-0.04222342  0.57166248]] [[1.99703618 0.1351767 ]  [0.1351767  0.86005648]] [[ 2.54847432 -0.06443071]  [-0.06443071  1.77305167]] [[1.36343032 0.29223859]  [0.29223859 1.46612284]],6,"{0: 233, 1: 186, 2: 149, 3: 199, 4: 27, 5: 206}",4,2,1
139,10000.0,19,250,1000,6,True,0.5681786599523905,4,4,[1.19224114 4.0135192 ] [4.02368739 1.26638877] [4.19108925 4.24685621] [1.05012387 1.05029322],[0.00106991 0.27601337 0.2701479  0.20424812 0.00107139 0.24744931],[[1.61716908 0.43504149]  [0.43504149 1.42007888]] [[1.46077992 0.44934848]  [0.44934848 1.56910528]] [[1.34370201 0.44622481]  [0.44622481 1.28575538]] [[1.51241178 0.49207234]  [0.49207234 1.44554204]],6,"{0: 0, 1: 272, 2: 267, 3: 207, 4: 0, 5: 254}",2,1,1
140,100000.0,0,250,1000,6,True,0.541845759711127,4,4,[3.97374291 1.01360713] [1.01592448 0.82313116] [4.06800156 4.02929841] [1.05094265 3.82768911],[0.22846385 0.00106912 0.00106911 0.19151135 0.28421551 0.29367106],[[1.59435309 0.34434631]  [0.34434631 1.33704186]] [[1.57298413 0.44038375]  [0.44038375 1.04511073]] [[1.67189236 0.50985118]  [0.50985118 1.8303095 ]] [[1.39844762 0.36731913]  [0.36731913 1.76518228]],6,"{0: 233, 1: 0, 2: 0, 3: 201, 4: 272, 5: 294}",2,1,1
141,100000.0,1,250,1000,6,True,0.6491657933564906,5,4,[1.06819183 1.09991019] [4.0271818  1.20090308] [1.10848131 4.09132812] [4.06788436 4.19573585] [2.61145784 5.68546182],[0.24599738 0.28458754 0.25027509 0.21360629 0.00446411 0.0010696 ],[[1.14033983 0.5329685 ]  [0.5329685  1.36861412]] [[1.21136434 0.54230232]  [0.54230232 1.61283844]] [[1.19111668 0.49798442]  [0.49798442 1.36344873]] [[1.16578746 0.53240756]  [0.53240756 1.08989079]] [[2.01536009 0.26230516]  [0.26230516 6.66876863]],6,"{0: 246, 1: 283, 2: 246, 3: 223, 4: 2, 5: 0}",2,1,1
142,100000.0,2,250,1000,6,True,0.4309077834619914,6,6,[0.65266687 2.66975912] [3.94517756 3.88706893] [1.03073113 3.83613418] [3.6385812  0.57506392] [0.91170287 0.38701519] [4.80340194 1.46420572],[0.07834042 0.30436573 0.19393521 0.1529842  0.18831506 0.08205938],[[1.61455646 0.01497434]  [0.01497434 0.49204793]] [[1.81631926 0.239767  ]  [0.239767   1.4622773 ]] [[1.09276647 0.09563589]  [0.09563589 1.84199873]] [[0.81581425 0.06357385]  [0.06357385 1.11713799]] [[1.39989934 0.34684898]  [0.34684898 0.98601579]] [[ 1.57508952 -0.18774311]  [-0.18774311  0.78897923]],6,"{0: 46, 1: 313, 2: 214, 3: 164, 4: 200, 5: 63}",3,1,2
143,100000.0,3,250,1000,6,True,0.5211708103812358,4,4,[3.70950823 4.13677577] [0.44835981 0.86172797] [3.48977485 1.18870759] [0.78668706 3.92790036],[0.25200928 0.15434061 0.34877096 0.24273906 0.00106955 0.00107054],[[1.85570235 0.68922997]  [0.68922997 1.38943546]] [[1.0636431  0.55659921]  [0.55659921 1.30740509]] [[2.13137922 0.63679898]  [0.63679898 1.73883776]] [[1.39770845 0.57888857]  [0.57888857 1.72616524]],6,"{0: 256, 1: 159, 2: 340, 3: 245, 4: 0, 5: 0}",2,1,1
144,100000.0,4,250,1000,6,True,0.5650241264897377,4,4,[0.89547166 0.96512189] [4.1042086  4.10860049] [3.74469595 0.96943065] [0.91922843 3.75925265],[0.19835862 0.23196399 0.00106914 0.00106913 0.29405593 0.27348319],[[1.36811582 0.81797822]  [0.81797822 1.54994462]] [[1.30872724 0.53389679]  [0.53389679 1.55518845]] [[1.94420059 0.728479  ]  [0.728479   1.65578249]] [[1.39602089 0.65548556]  [0.65548556 1.85981999]],6,"{0: 206, 1: 229, 2: 0, 3: 0, 4: 290, 5: 275}",2,1,1
145,100000.0,5,250,1000,6,True,0.5373148794345622,4,4,[4.28124177 3.90719454] [1.26361553 0.86683366] [4.21734049 0.91201434] [1.25381153 3.84039584],[0.22936917 0.27522468 0.00106929 0.18349276 0.00106927 0.30977483],[[1.03448226 0.27110222]  [0.27110222 1.67971238]] [[1.73154304 0.32457433]  [0.32457433 1.2872091 ]] [[0.98271807 0.25454647]  [0.25454647 1.2945245 ]] [[1.50904499 0.28496746]  [0.28496746 1.53850872]],6,"{0: 234, 1: 280, 2: 0, 3: 185, 4: 0, 5: 301}",2,1,1
146,100000.0,6,250,1000,6,True,0.5033050252522777,4,4,[3.89493256 4.10782982] [0.90104397 3.92179911] [0.99232215 0.95743682] [3.98998933 1.13667932],[0.26918056 0.00107152 0.22533649 0.25539551 0.24794643 0.0010695 ],[[1.88330391 0.35166055]  [0.35166055 1.41163264]] [[1.37489476 0.26505447]  [0.26505447 1.34614491]] [[1.98790259 0.42428162]  [0.42428162 1.45859984]] [[1.70725625 0.33530858]  [0.33530858 1.40439896]],6,"{0: 271, 1: 0, 2: 230, 3: 252, 4: 247, 5: 0}",2,1,1
147,100000.0,7,250,1000,6,True,0.6022411371365771,4,4,[4.27856223 4.01290072] [1.28141557 3.9252323 ] [1.11904042 0.94871518] [4.09778169 1.01596519],[0.00106943 0.2346549  0.25586781 0.23918101 0.2681542  0.00107266],[[1.38496993 0.4331988 ]  [0.4331988  1.28291975]] [[1.3943569  0.34347724]  [0.34347724 1.26113706]] [[1.27856384 0.37788958]  [0.37788958 1.32633155]] [[1.39965282 0.39182262]  [0.39182262 1.38121143]],6,"{0: 0, 1: 234, 2: 256, 3: 239, 4: 271, 5: 0}",2,1,1
148,100000.0,8,250,1000,6,True,0.499816933402825,5,5,[1.01511541 4.25501483] [3.87031914 1.08003276] [3.98604179 4.16514862] [0.84541666 0.58477339] [0.95818244 2.10660126],[0.21059165 0.26999266 0.2460392  0.15949345 0.11281283 0.0010702 ],[[1.2133762  0.22869639]  [0.22869639 1.24729455]] [[1.58601532 0.53539924]  [0.53539924 1.72297034]] [[1.47287958 0.38179618]  [0.38179618 1.62418765]] [[1.36200816 0.59139979]  [0.59139979 1.40929089]] [[1.71144926 0.1773309 ]  [0.1773309  0.47702257]],6,"{0: 203, 1: 285, 2: 236, 3: 145, 4: 131, 5: 0}",2,1,1
149,100000.0,9,250,1000,6,True,0.4788658958134514,6,5,[0.56608779 3.74965342] [4.09802519 1.51274799] [4.08396122 4.60462525] [1.04758344 1.1962789 ] [1.60849329 4.67422884] [5.72957703 2.7136444 ],[0.1161065  0.28852473 0.17970525 0.28618817 0.12353173 0.00594362],[[ 1.41468022 -0.02736706]  [-0.02736706  0.76186779]] [[1.13099123 0.41369673]  [0.41369673 2.17079453]] [[1.2301164  0.34937514]  [0.34937514 1.22581372]] [[1.3484091  0.2949018 ]  [0.2949018  1.62389031]] [[ 0.82843275 -0.1303865 ]  [-0.1303865   1.31924661]] [[6.22883806 0.40383094]  [0.40383094 2.2320238 ]],6,"{0: 102, 1: 287, 2: 190, 3: 292, 4: 127, 5: 2}",4,3,1
150,100000.0,10,250,1000,6,True,0.4690011693193952,5,5,[3.75685528 0.90922853] [0.86482908 1.21968235] [4.50535713 3.45404808] [3.57126043 4.24844568] [0.93807363 4.04911249],[0.00106969 0.25807272 0.18531395 0.16816006 0.1751082  0.21227538],[[1.93711421 0.33565452]  [0.33565452 1.1636792 ]] [[1.06878684 0.39989405]  [0.39989405 1.53199019]] [[1.91488226 0.86552726]  [0.86552726 2.1149656 ]] [[1.04825435 0.30273083]  [0.30273083 1.46168098]] [[1.00805215 0.23434148]  [0.23434148 1.49958603]],6,"{0: 0, 1: 276, 2: 199, 3: 123, 4: 190, 5: 212}",4,3,1
151,100000.0,11,250,1000,6,True,0.5287308939986635,5,5,[4.2431561  2.96176947] [0.97238883 0.7072806 ] [1.15257544 3.78563104] [3.91269491 0.75887165] [4.16215896 4.22499247],[0.08962606 0.22719876 0.3157428  0.00106895 0.20548045 0.16088299],[[ 1.49048616 -0.12892495]  [-0.12892495  0.63371506]] [[1.29508147 0.20576347]  [0.20576347 1.04764184]] [[1.72399792 0.36229688]  [0.36229688 1.57737879]] [[0.98349891 0.13221409]  [0.13221409 1.1264541 ]] [[1.27505727 0.60838051]  [0.60838051 1.45317896]],6,"{0: 66, 1: 238, 2: 314, 3: 0, 4: 211, 5: 171}",3,1,1
152,100000.0,12,250,1000,6,True,0.5498079188023353,4,4,[3.72967365 3.82166396] [3.54812958 0.81469356] [0.78706784 4.03380731] [0.62954477 1.04087265],[0.33882861 0.00106927 0.26258277 0.20009287 0.00106923 0.19635726],[[1.78883649 0.17937937]  [0.17937937 1.87495413]] [[1.79895457 0.1549983 ]  [0.1549983  1.09956339]] [[1.10589802 0.08887875]  [0.08887875 1.07188687]] [[1.02901372 0.17059896]  [0.17059896 1.23251392]],6,"{0: 329, 1: 0, 2: 258, 3: 208, 4: 0, 5: 205}",2,1,1
153,100000.0,13,250,1000,6,True,0.5007652614000627,5,5,[1.15188071 3.69797047] [3.80296927 0.92195938] [4.27896424 4.22832014] [1.17922834 1.04303418] [4.22310057 0.31736784],[0.34301157 0.24815995 0.16399956 0.2042306  0.00106933 0.03952899],[[1.95719587 0.82446894]  [0.82446894 2.12500661]] [[2.02723375 1.25637877]  [1.25637877 1.81561908]] [[1.11591527 0.61176199]  [0.61176199 1.20384966]] [[1.86540622 1.17496619]  [1.17496619 1.38223757]] [[ 1.21282563 -0.27741692]  [-0.27741692  3.07088247]],6,"{0: 319, 1: 263, 2: 181, 3: 222, 4: 0, 5: 15}",3,1,2
154,100000.0,14,250,1000,6,True,0.5454360458680277,4,4,[3.53112618 1.07407313] [0.93706635 4.00281046] [0.58111812 1.08230625] [3.91098313 4.02979755],[0.32295859 0.0010711  0.23871199 0.20829161 0.22789695 0.00106976],[[1.73221045 0.44306354]  [0.44306354 1.72095682]] [[1.27009408 0.34843211]  [0.34843211 1.47968839]] [[0.97685924 0.52046282]  [0.52046282 1.86821742]] [[1.20324841 0.35192011]  [0.35192011 1.46877692]],6,"{0: 317, 1: 0, 2: 241, 3: 213, 4: 229, 5: 0}",2,1,1
155,100000.0,15,250,1000,6,True,0.5442998546559712,4,4,[0.77287412 3.79318913] [0.64231425 0.80162478] [3.60928999 0.93309874] [3.71012398 3.91149858],[0.24116054 0.00106975 0.18193323 0.27482924 0.29993735 0.00106988],[[1.45645195 0.31284907]  [0.31284907 1.42302199]] [[1.48322417 0.30090463]  [0.30090463 1.03632744]] [[2.05157977 0.3407819 ]  [0.3407819  1.12898779]] [[1.93009482 0.35836319]  [0.35836319 1.41322708]],6,"{0: 245, 1: 0, 2: 184, 3: 275, 4: 296, 5: 0}",2,1,1
156,100000.0,16,250,1000,6,True,0.5662450205511069,4,4,[3.94106689 1.05441966] [0.87463805 0.96598812] [4.17235069 3.91407532] [1.32641151 4.03983277],[0.26412621 0.00106935 0.21300854 0.22850983 0.00107208 0.29221399],[[1.67099716 0.51136175]  [0.51136175 1.44668271]] [[1.25135425 0.42564336]  [0.42564336 1.42850422]] [[1.47439276 0.69127258]  [0.69127258 1.63803137]] [[1.83956242 0.49580225]  [0.49580225 1.50999617]],6,"{0: 262, 1: 0, 2: 215, 3: 234, 4: 0, 5: 289}",2,1,1
157,100000.0,17,250,1000,6,True,0.4964155307186338,6,5,[4.26644134 1.26446866] [1.13355086 3.7825525 ] [-0.65035908  1.37680097] [1.12352776 1.10932902] [2.05366586 0.3896256 ] [4.28466914 4.24748066],[0.23838758 0.33317622 0.00451323 0.14267051 0.07157657 0.2096759 ],[[1.20017351 0.35686057]  [0.35686057 1.54429974]] [[1.40361258 0.59345437]  [0.59345437 2.09233273]] [[7.37236549 2.58680921]  [2.58680921 2.92624994]] [[1.33768422 1.01587186]  [1.01587186 1.30605413]] [[0.71395848 0.21843308]  [0.21843308 1.2764466 ]] [[1.0416153  0.43386854]  [0.43386854 1.48620752]],6,"{0: 235, 1: 324, 2: 2, 3: 172, 4: 53, 5: 214}",7,1,6
158,100000.0,18,250,1000,6,True,0.4134838591184941,6,6,[0.86292564 3.33325867] [1.10014981 0.54513368] [3.79967938 2.68845577] [3.72467973 4.64364866] [-0.15934463  2.42145279] [3.99199099 0.81333796],[0.20626342 0.17795264 0.13547314 0.21183435 0.05633128 0.21214517],[[ 0.6552801  -0.05373779]  [-0.05373779  2.28187355]] [[1.80802152 0.62719994]  [0.62719994 1.46070228]] [[ 1.82812588 -0.04200556]  [-0.04200556  0.5702325 ]] [[1.99863287 0.13542864]  [0.13542864 0.86071745]] [[ 2.54989901 -0.06398569]  [-0.06398569  1.77704665]] [[1.36654357 0.29340792]  [0.29340792 1.47071415]],6,"{0: 234, 1: 185, 2: 148, 3: 200, 4: 27, 5: 206}",4,2,1
159,100000.0,19,250,1000,6,True,0.5702007225076671,4,4,[1.19242974 4.01600384] [4.02454741 1.26658089] [4.19111906 4.24688935] [1.05126224 1.05306551],[0.00106965 0.27553908 0.26999749 0.20421881 0.00107024 0.24810473],[[1.61757958 0.43515128]  [0.43515128 1.41750328]] [[1.45987752 0.44929319]  [0.44929319 1.56921074]] [[1.34371969 0.44636013]  [0.44636013 1.28556315]] [[1.51349348 0.49226704]  [0.49226704 1.44867667]],6,"{0: 0, 1: 271, 2: 267, 3: 207, 4: 0, 5: 255}",2,1,1
