Concentration,Seed,NumSamples,MaxIters,MaxCats,Converged,ARI,HeightARI,NumCats,NumBigCats,Means,Weights,Covs,NumLargeWeights,CategoryCounts,NumNasalSplits,NumHighSplits,NumLowSplits
1.6e-07,0,250,3000,6,True,0.1568892543203992,0.7497052308944965,2,2,[2.01579267 3.08941154] [1.72094541 1.23803218],[1.07436531e-03 4.54323543e-01 5.44602091e-01 1.59388363e-10 2.55021348e-17 4.08034097e-24],[[ 2.51019421 -0.17411728]  [-0.17411728  1.57604034]] [[ 2.47648029 -0.0667351 ]  [-0.0667351   1.77711472]],3,"{0: 0, 1: 457, 2: 543, 3: 0, 4: 0, 5: 0}",0,0,0
1.6e-07,1,250,3000,6,True,0.231118456067907,0.8425665691258826,2,2,[1.8323807  1.02558321] [2.00524002 2.9279494 ],[4.92356023e-01 5.07643977e-01 1.59526209e-10 2.55241904e-17 4.08386992e-24 6.53419092e-31],[[ 2.28275666 -0.20879642]  [-0.20879642  1.24142318]] [[ 2.2930925  -0.27483157]  [-0.27483157  1.33845119]],2,"{0: 509, 1: 491, 2: 0, 3: 0, 4: 0, 5: 0}",0,0,0
1.6e-07,2,250,3000,6,True,0.158000134475199,0.8536296007099183,2,2,[1.99397013 0.92821872] [2.01641823 2.79698416],[4.99781318e-01 5.00218682e-01 1.59521558e-10 2.55234463e-17 4.08375086e-24 6.53400043e-31],[[2.55738789 0.24795124]  [0.24795124 1.5705045 ]] [[ 2.40521735 -0.10917371]  [-0.10917371  1.8324801 ]],2,"{0: 516, 1: 484, 2: 0, 3: 0, 4: 0, 5: 0}",0,0,0
1.6e-07,3,250,3000,6,True,0.1296427210165346,0.012395430928559477,2,2,[3.23769599 2.38622017] [1.24850415 1.9414016 ],[3.88555292e-01 6.11444708e-01 1.59579416e-10 2.55327036e-17 4.08523203e-24 6.53637030e-31],[[ 1.42026609 -0.34056448]  [-0.34056448  2.21797202]] [[ 1.80898836 -0.10803682]  [-0.10803682  2.42927149]],2,"{0: 380, 1: 620, 2: 0, 3: 0, 4: 0, 5: 0}",1,0,0
1.6e-07,4,250,3000,6,True,0.0,0.0,1,1,[2.0303556  1.97869951],[1.00000000e+00 1.59840145e-10 2.55744206e-17 4.09190681e-24 6.54705003e-31 1.04752785e-37],[[ 2.67993194 -0.0414732 ]  [-0.0414732   2.3658621 ]],1,"{0: 1000, 1: 0, 2: 0, 3: 0, 4: 0, 5: 0}",0,0,0
1.6e-07,5,250,3000,6,True,0.16047336284495511,0.5238434297920815,3,3,[2.15684984 2.08091803] [1.86265947 0.58600343] [2.05530556 3.45251008],[2.36468274e-01 3.94134615e-01 3.69397111e-01 1.59201297e-10 2.54722042e-17 4.07555208e-24],[[ 2.30287381 -0.25389115]  [-0.25389115  0.41293969]] [[ 2.19061212 -0.21118206]  [-0.21118206  0.96676149]] [[ 2.41311505 -0.09280375]  [-0.09280375  1.04593327]],3,"{0: 278, 1: 380, 2: 342, 3: 0, 4: 0, 5: 0}",0,0,0
1.6e-07,6,250,3000,6,True,0.1307363841766811,0.44077654952981954,3,3,[1.9397507  1.78698466] [1.93996134 3.47065459] [2.11268641 0.23202516],[3.35258542e-01 3.91195490e-01 1.07049142e-03 2.72475476e-01 1.58442475e-10 2.53507922e-17],[[2.70444391 0.34462365]  [0.34462365 0.57688845]] [[2.50187814 0.17459112]  [0.17459112 0.9744071 ]] [[2.45935253 0.32677264]  [0.32677264 0.94086877]],4,"{0: 371, 1: 379, 2: 0, 3: 250, 4: 0, 5: 0}",0,0,0
1.6e-07,7,250,3000,6,True,0.23129419680068566,0.3661434036191766,3,3,[1.33178324 0.92057917] [3.2655117  1.92952196] [1.24057814 3.00010117],[4.28306083e-01 3.09072143e-01 2.62621774e-01 1.58957704e-10 2.54332293e-17 4.06931609e-24],[[ 1.80718969 -0.0472414 ]  [-0.0472414   1.3474668 ]] [[ 1.06808002 -0.08283244]  [-0.08283244  2.29288239]] [[1.52058635 0.05315345]  [0.05315345 1.08264207]],3,"{0: 437, 1: 325, 2: 238, 3: 0, 4: 0, 5: 0}",0,0,0
1.6e-07,8,250,3000,6,True,0.13716518804313732,0.7671459060311955,2,2,[1.86391395 2.93856775] [2.13684421 0.87273846],[5.71835146e-01 4.28164854e-01 1.59468070e-10 2.55148881e-17 4.08238156e-24 6.53180954e-31],[[ 2.42225006e+00 -2.05817623e-03]  [-2.05817623e-03  1.59925104e+00]] [[2.64034772 0.07069535]  [0.07069535 1.34913055]],2,"{0: 572, 1: 428, 2: 0, 3: 0, 4: 0, 5: 0}",0,0,0
1.6e-07,9,250,3000,6,True,0.17211135564867996,0.15568125567810923,5,5,[2.15045041 3.13194302] [3.58953243 3.10985817] [0.64618458 2.33334436] [2.74901631 1.48143182] [2.87710858 0.10162381],[0.13195509 0.00107373 0.15169467 0.43224042 0.13328749 0.1497486 ],[[0.31639455 0.03989559]  [0.03989559 1.08015544]] [[0.71674357 0.0973504 ]  [0.0973504  1.55330907]] [[1.19032835 0.11933843]  [0.11933843 2.57621855]] [[1.42671122 0.11495381]  [0.11495381 0.27537019]] [[ 1.51865363 -0.17366724]  [-0.17366724  0.91344948]],6,"{0: 152, 1: 0, 2: 124, 3: 425, 4: 168, 5: 131}",4,3,0
1.6e-07,10,250,3000,6,True,0.1452653309990513,0.36947513484309963,3,3,[1.55315035 1.17848533] [2.89326043 2.94274488] [0.73492422 3.393146  ],[6.04707795e-01 2.54324790e-01 1.40967415e-01 1.58318071e-10 2.53308881e-17 4.05294150e-24],[[ 2.38647334 -0.12153687]  [-0.12153687  1.7334931 ]] [[ 1.11936818 -0.28744598]  [-0.28744598  1.65875642]] [[ 0.87647877 -0.09832977]  [-0.09832977  1.18753488]],3,"{0: 638, 1: 239, 2: 123, 3: 0, 4: 0, 5: 0}",1,0,0
1.6e-07,11,250,3000,6,True,0.19784445651937352,0.04084866932541255,4,4,[1.55107997 2.26555128] [0.94497152 2.45008515] [1.81685745 0.55402119] [3.4122117  2.10594765],[2.15366994e-01 2.92641328e-01 1.07162500e-03 1.44544664e-01 3.46375388e-01 1.58536515e-10],[[0.67519248 0.29105044]  [0.29105044 2.65179967]] [[ 1.68851085 -0.06879675]  [-0.06879675  1.80343474]] [[ 2.14872688 -0.19370434]  [-0.19370434  1.0704793 ]] [[0.85341094 0.13954301]  [0.13954301 2.47216978]],5,"{0: 211, 1: 241, 2: 0, 3: 113, 4: 435, 5: 0}",2,0,0
1.6e-07,12,250,3000,6,True,0.1326151543924285,0.32901976162339086,3,3,[3.57999734 2.52660989] [1.66507592 2.70277236] [1.82239535 0.56056444],[1.48305146e-01 5.54320027e-01 2.97374827e-01 1.59118957e-10 2.54590298e-17 4.07344417e-24],[[ 0.58631249 -0.02157096]  [-0.02157096  1.97885932]] [[ 1.8915686  -0.13263296]  [-0.13263296  1.8611676 ]] [[ 2.09374742 -0.0268566 ]  [-0.0268566   1.32348318]],3,"{0: 147, 1: 550, 2: 303, 3: 0, 4: 0, 5: 0}",1,0,0
1.6e-07,13,250,3000,6,True,0.127966594778893,-0.00015758605114223935,2,2,[2.8914763  1.92830685] [0.78372947 2.04210979],[1.07573164e-03 6.14821488e-01 3.84102781e-01 1.59266630e-10 2.54826575e-17 4.07722460e-24],[[ 1.79613648 -0.02053841]  [-0.02053841  2.70329565]] [[ 1.42930684 -0.06223847]  [-0.06223847  2.39983993]],3,"{0: 0, 1: 626, 2: 374, 3: 0, 4: 0, 5: 0}",1,0,1
1.6e-07,14,250,3000,6,True,0.22354978834525213,0.44704024930190284,3,3,[2.74956291 0.99455982] [2.60824751 3.07286705] [0.6573979 1.9835747],[3.38968607e-01 3.78018443e-01 2.83012951e-01 1.59038404e-10 2.54461413e-17 4.07138201e-24],[[ 1.8907651  -0.11687948]  [-0.11687948  1.26719784]] [[ 1.62954609 -0.19760782]  [-0.19760782  1.39678147]] [[ 0.97595593 -0.13995099]  [-0.13995099  2.45488761]],3,"{0: 315, 1: 376, 2: 309, 3: 0, 4: 0, 5: 0}",1,0,1
1.6e-07,15,250,3000,6,True,0.20250524481225024,0.3297494841953923,3,3,[2.03832513 3.45740552] [1.20975464 1.26891093] [3.42466277 1.60992526],[3.26815876e-01 4.14053549e-01 2.59130575e-01 1.58991255e-10 2.54385975e-17 4.07017500e-24],[[2.12625854 0.0607221 ]  [0.0607221  1.21244627]] [[1.53273842 0.06432707]  [0.06432707 1.72441536]] [[1.01618341 0.25283086]  [0.25283086 1.87965769]],3,"{0: 336, 1: 409, 2: 255, 3: 0, 4: 0, 5: 0}",1,0,1
1.6e-07,16,250,3000,6,True,0.17400180774350482,0.8098096770990231,2,2,[2.08399788 1.04977456] [1.74533671 2.94069578],[5.02140416e-01 4.97859584e-01 1.59520051e-10 2.55232052e-17 4.08371229e-24 6.53393872e-31],[[2.51534097 0.17026042]  [0.17026042 1.474574  ]] [[2.41597461 0.18026501]  [0.18026501 1.60842133]],2,"{0: 508, 1: 492, 2: 0, 3: 0, 4: 0, 5: 0}",0,0,0
1.6e-07,17,250,3000,6,True,0.0,0.0,1,1,[1.85171337 2.04085353],[1.00000000e+00 1.59840145e-10 2.55744206e-17 4.09190681e-24 6.54705003e-31 1.04752785e-37],[[ 2.42659785 -0.10387831]  [-0.10387831  2.52549757]],1,"{0: 1000, 1: 0, 2: 0, 3: 0, 4: 0, 5: 0}",0,0,0
1.6e-07,18,250,3000,6,True,0.13654577341719548,0.00322160163217725,3,3,[2.60015133 2.11750586] [0.92525426 2.01200931] [3.79759251 1.65123525],[1.97143160e-01 5.35006453e-01 2.67850387e-01 1.59049030e-10 2.54478415e-17 4.07165404e-24],[[0.27243655 0.22474159]  [0.22474159 3.08367991]] [[1.15768277 0.10143929]  [0.10143929 2.54663716]] [[1.16405377 0.37855209]  [0.37855209 2.63941343]],3,"{0: 252, 1: 516, 2: 232, 3: 0, 4: 0, 5: 0}",3,0,0
1.6e-07,19,250,3000,6,True,0.16368466680039934,0.0036268277184816422,2,2,[0.89615301 1.92225634] [2.90745923 2.15056627],[4.88187484e-01 5.11812515e-01 1.59528761e-10 2.55245987e-17 4.08393525e-24 6.53429545e-31],[[ 1.40578574 -0.05336983]  [-0.05336983  2.28792074]] [[ 1.47693632 -0.0940573 ]  [-0.0940573   2.35549514]],2,"{0: 494, 1: 506, 2: 0, 3: 0, 4: 0, 5: 0}",1,0,1
0.16666666666666666,0,250,3000,6,True,0.06625932571525024,0.17758275640387147,6,5,[-0.01646415  1.67613702] [2.4981122  1.03348019] [2.49514458 3.59234258] [1.05490218 2.26808332] [ 2.28639844 -0.97292824] [2.48542169 2.44482336],[0.07171116 0.33383584 0.20254204 0.31949753 0.00486181 0.06755161],[[ 1.85786443 -0.20590484]  [-0.20590484  1.8852448 ]] [[1.02292689 0.2232384 ]  [0.2232384  1.28868981]] [[0.97300486 0.02023643]  [0.02023643 0.94368832]] [[ 0.33177143 -0.12370134]  [-0.12370134  2.57313865]] [[ 0.50466961 -0.68206955]  [-0.68206955  5.55929938]] [[0.45834292 0.17629077]  [0.17629077 0.26246933]],6,"{0: 44, 1: 302, 2: 164, 3: 408, 4: 2, 5: 80}",4,0,3
0.16666666666666666,1,250,3000,6,True,0.22417275987583943,0.8170330194106233,2,2,[1.86086071 1.06629066] [1.98350245 2.97950122],[5.16451350e-01 4.83382443e-01 1.42525026e-04 2.03577795e-05 2.90825317e-06 4.15464738e-07],[[ 1.27721874 -0.18210695]  [-0.18210695  1.26414968]] [[ 1.31127634 -0.25793422]  [-0.25793422  1.29917039]],2,"{0: 532, 1: 468, 2: 0, 3: 0, 4: 0, 5: 0}",0,0,0
0.16666666666666666,2,250,3000,6,True,0.07773371433577632,0.16179619039261303,4,4,[1.15155875 2.27464051] [2.50969055 2.00114878] [2.51973088 0.84680674] [3.30650445 3.09442163],[4.25910881e-01 1.86674592e-01 3.01406344e-01 8.58475267e-02 1.40576990e-04 2.00796050e-05],[[0.77631189 0.31635836]  [0.31635836 2.72344792]] [[ 0.40276554 -0.38867184]  [-0.38867184  2.21369036]] [[1.46438775 0.47673448]  [0.47673448 1.3863635 ]] [[0.59877637 0.32144751]  [0.32144751 0.73673034]],4,"{0: 464, 1: 136, 2: 328, 3: 72, 4: 0, 5: 0}",2,0,0
0.16666666666666666,3,250,3000,6,True,0.020181076861326065,0.11471537173363172,3,3,[2.622595   2.49870695] [1.59516201 0.90077651] [0.64380027 1.98188221],[1.07480465e-03 6.14028179e-01 1.70735339e-01 2.13999798e-01 1.41647119e-04 2.02324490e-05],[[ 1.08032194 -0.43198409]  [-0.43198409  2.22120324]] [[0.46900413 0.08941805]  [0.08941805 1.7704009 ]] [[ 0.90072809 -0.03728475]  [-0.03728475  1.76991101]],4,"{0: 0, 1: 666, 2: 146, 3: 188, 4: 0, 5: 0}",1,0,0
0.16666666666666666,4,250,3000,6,True,0.021970614879533643,0.07153690904195802,4,4,[1.46139522 2.03092073] [-0.26482161  1.35455956] [3.20170733 1.16932792] [2.87601434 3.28694592],[5.29001028e-01 5.78488651e-02 2.51731789e-01 1.61256835e-01 1.41301162e-04 2.01830379e-05],[[ 0.58660961 -0.11987516]  [-0.11987516  2.11311052]] [[ 1.15480483 -0.24692845]  [-0.24692845  3.56345578]] [[0.69127329 0.09392039]  [0.09392039 1.56699719]] [[1.17531339 0.02874953]  [0.02874953 1.08793879]],4,"{0: 598, 1: 36, 2: 240, 3: 126, 4: 0, 5: 0}",3,0,1
0.16666666666666666,5,250,3000,6,True,0.15349368558673765,0.5380306805004323,3,3,[1.80562126 2.1146929 ] [1.8400112  0.59430419] [2.25131726 3.29730197],[1.90337858e-01 3.97133871e-01 4.12362744e-01 1.42297802e-04 2.03253602e-05 2.90362186e-06],[[ 1.19543594 -0.41272069]  [-0.41272069  0.39472784]] [[ 1.19439179 -0.21629085]  [-0.21629085  0.96417818]] [[ 1.38545082 -0.29850161]  [-0.29850161  1.19938081]],3,"{0: 232, 1: 388, 2: 380, 3: 0, 4: 0, 5: 0}",0,0,0
0.16666666666666666,6,250,3000,6,True,0.13123144310479265,0.446251531141042,4,4,[2.1113414  1.98500691] [2.13701806 0.56256305] [1.52039753 3.33411261] [3.14389087 3.79004037],[2.36715094e-01 3.70300919e-01 1.07141463e-03 3.31768738e-01 6.00042262e-02 1.39608266e-04],[[2.12692642 0.63761283]  [0.63761283 0.60900065]] [[1.46841304 0.3371141 ]  [0.3371141  1.17032378]] [[0.99516932 0.16492812]  [0.16492812 1.11872137]] [[0.38874253 0.30378442]  [0.30378442 0.77843802]],5,"{0: 286, 1: 346, 2: 0, 3: 318, 4: 50, 5: 0}",1,1,0
0.16666666666666666,7,250,3000,6,True,-0.00208960791001085,0.000820075614443952,4,3,[0.70799404 1.72070166] [3.10627975 1.92413719] [1.93697252 1.70994991] [-0.6545964   1.47972487],[3.15568100e-01 3.22535058e-01 3.54401621e-01 7.35174207e-03 1.25546099e-04 1.79329708e-05],[[0.42649016 0.03254893]  [0.03254893 2.19055218]] [[ 0.51092475 -0.1409201 ]  [-0.1409201   2.43092523]] [[ 0.12849438 -0.06348294]  [-0.06348294  2.22488577]] [[2.17387464 0.22009167]  [0.22009167 1.12171417]],4,"{0: 296, 1: 284, 2: 416, 3: 4, 4: 0, 5: 0}",6,0,6
0.16666666666666666,8,250,3000,6,True,0.04113546232519307,0.12892951114804044,2,2,[1.72150441 3.62731404] [2.06053553 1.56974675],[2.34982469e-01 1.07354283e-03 7.63778289e-01 1.42445594e-04 2.03464718e-05 2.90663780e-06],[[1.08025718 0.05249533]  [0.05249533 1.19781531]] [[1.64936375 0.00530133]  [0.00530133 1.95406168]],3,"{0: 190, 1: 0, 2: 810, 3: 0, 4: 0, 5: 0}",0,0,0
0.16666666666666666,9,250,3000,6,True,0.011922342865246228,0.06690876324424928,5,4,[1.32183972 2.32142525] [ 0.17034608 -0.19369185] [2.99112919 3.49621143] [3.01954492 0.06225024] [2.98252878 1.60514552],[6.44018412e-01 5.08375316e-03 1.22382700e-01 1.17827744e-01 1.10547242e-01 1.40148905e-04],[[0.92149461 0.04455993]  [0.04455993 2.39939918]] [[1.95206819 2.03929129]  [2.03929129 3.84539416]] [[0.40863033 0.22809446]  [0.22809446 0.95644432]] [[ 0.63406677 -0.12238983]  [-0.12238983  0.94330368]] [[0.57221748 0.11014049]  [0.11014049 0.28149846]],5,"{0: 646, 1: 2, 2: 116, 3: 102, 4: 134, 5: 0}",2,0,1
0.16666666666666666,10,250,3000,6,True,0.10961015925858969,0.44039956686043763,2,2,[1.64328826 1.28302371] [1.97980522 3.34595393],[5.73926194e-01 3.11780656e-01 1.14128842e-01 1.41250066e-04 2.01757564e-05 2.88224991e-06],[[ 1.71318445 -0.03246047]  [-0.03246047  1.73420798]] [[ 1.05939408 -0.26184112]  [-0.26184112  1.29471877]],3,"{0: 670, 1: 330, 2: 0, 3: 0, 4: 0, 5: 0}",0,0,0
0.16666666666666666,11,250,3000,6,True,0.001324512798309625,0.0063096840436945,3,3,[2.22046086 0.49594458] [1.88187683 2.04427408] [2.77619641 2.86899288],[1.04006378e-01 7.36209025e-01 1.59619680e-01 1.41772707e-04 2.02503776e-05 2.89291007e-06],[[0.41337286 0.07858205]  [0.07858205 1.18850658]] [[ 1.4894565  -0.14231872]  [-0.14231872  2.17156917]] [[0.41640002 0.09812521]  [0.09812521 2.59761758]],3,"{0: 16, 1: 938, 2: 46, 3: 0, 4: 0, 5: 0}",1,0,0
0.16666666666666666,12,250,3000,6,True,0.10790060204993311,0.4631661013203643,4,4,[0.14360435 2.67358439] [2.07723292 1.11658164] [1.45178816 3.04205094] [2.74754966 3.37978095],[5.03345977e-02 5.48889110e-01 1.96017526e-01 2.04596912e-01 1.41625129e-04 2.02292865e-05],[[ 1.20518207 -0.41353676]  [-0.41353676  1.74149804]] [[1.18484798 0.11910563]  [0.11910563 1.69644164]] [[ 0.42053154 -0.27227739]  [-0.27227739  1.64730043]] [[ 0.28583343 -0.03083661]  [-0.03083661  1.23625076]],4,"{0: 26, 1: 588, 2: 184, 3: 202, 4: 0, 5: 0}",3,1,0
0.16666666666666666,13,250,3000,6,True,0.12976132252248718,0.47744085423491905,4,4,[2.13228573 2.76561871] [2.14332336 0.76877078] [1.26543769 1.65974921] [ 3.63781871 -0.34801505],[5.67952258e-01 1.07151753e-03 2.71954055e-01 1.24691308e-01 3.41935375e-02 1.37324110e-04],[[1.66024336 0.19811447]  [0.19811447 1.31656908]] [[1.74189403 0.22693132]  [0.22693132 0.74372316]] [[ 0.82073201 -1.24129186]  [-1.24129186  4.77450706]] [[ 0.42977165 -0.47231096]  [-0.47231096  2.33143417]],5,"{0: 622, 1: 0, 2: 328, 3: 32, 4: 18, 5: 0}",1,0,1
0.16666666666666666,14,250,3000,6,True,0.10016920055011931,0.2631508449718771,5,5,[1.81205629 1.40857968] [2.28844217 3.40334176] [3.03477279 0.71707704] [3.32460212 2.23586942] [0.39400957 1.8997018 ],[0.30333424 0.30736287 0.15611441 0.0973917  0.00105697 0.13473982],[[ 0.253101   -0.13663278]  [-0.13663278  2.03962304]] [[ 0.94159161 -0.11805701]  [-0.11805701  1.20669834]] [[ 1.06376919 -0.37118742]  [-0.37118742  0.67381233]] [[ 0.74713085 -0.12819962]  [-0.12819962  0.38465961]] [[ 0.30388158 -0.0788203 ]  [-0.0788203   2.37760985]],6,"{0: 326, 1: 308, 2: 128, 3: 88, 4: 0, 5: 150}",4,0,3
0.16666666666666666,15,250,3000,6,True,0.04555119466930073,0.22701144700004716,4,4,[2.71928174 2.78153936] [0.55856356 2.01939597] [1.94486029 1.66366466] [2.60034863 0.51756888],[4.39506546e-01 2.33082213e-01 1.84530804e-01 1.42719127e-01 1.41147950e-04 2.01611531e-05],[[ 0.89512786 -0.04197277]  [-0.04197277  1.71690035]] [[0.40292274 0.21239338]  [0.21239338 2.54714497]] [[0.21753466 0.2997733 ]  [0.2997733  2.4141551 ]] [[0.63774317 0.16052812]  [0.16052812 1.05128333]],4,"{0: 482, 1: 240, 2: 164, 3: 114, 4: 0, 5: 0}",2,0,0
0.16666666666666666,16,250,3000,6,True,0.0,0.0,1,1,[1.91522245 1.99213542],[9.99833394e-01 1.42816196e-04 2.03994430e-05 2.91420512e-06 4.16315017e-07 5.94735739e-08],[[1.49791489 0.01548698]  [0.01548698 2.4358056 ]],1,"{0: 1000, 1: 0, 2: 0, 3: 0, 4: 0, 5: 0}",0,0,0
0.16666666666666666,17,250,3000,6,True,0.11949611174527118,0.38461222634523223,5,5,[1.57426851 1.05118836] [1.4446942  2.71752957] [1.72821189 3.43621696] [2.63245505 0.65887297] [-0.12403931  0.7265967 ],[0.17398464 0.19115174 0.33154495 0.27836065 0.00102231 0.02393571],[[0.42603768 0.22276036]  [0.22276036 0.34897957]] [[0.81795951 0.33441811]  [0.33441811 0.33997789]] [[ 1.86832323 -0.10224792]  [-0.10224792  1.37867337]] [[0.8356359  0.39984066]  [0.39984066 1.55301617]] [[0.8290851  0.40080079]  [0.40080079 1.11512647]],6,"{0: 208, 1: 236, 2: 284, 3: 252, 4: 0, 5: 20}",3,0,3
0.16666666666666666,18,250,3000,6,True,0.05268641394547424,0.21892101823915397,5,5,[1.60013385 3.18878224] [2.9194618  1.06706222] [0.81823065 1.74897452] [3.8744156 2.6359342] [1.73139969 0.75158651],[2.46468886e-01 2.12699091e-01 2.51688892e-01 1.41873098e-01 1.47129103e-01 1.40930391e-04],[[ 0.40971761 -0.1007786 ]  [-0.1007786   1.71397995]] [[ 0.28444235 -0.01823184]  [-0.01823184  1.66076004]] [[0.71440735 0.18073134]  [0.18073134 1.56300342]] [[ 0.71370494 -0.08565952]  [-0.08565952  2.78988812]] [[0.13074543 0.26394639]  [0.26394639 2.09695682]],5,"{0: 254, 1: 240, 2: 214, 3: 118, 4: 174, 5: 0}",5,1,4
0.16666666666666666,19,250,3000,6,True,0.0,0.0,1,1,[1.92654464 2.03921946],[9.99833397e-01 1.42814006e-04 2.03991803e-05 2.91416761e-06 4.16309659e-07 5.94728084e-08],[[1.45438303 0.04032936]  [0.04032936 2.337859  ]],1,"{0: 1000, 1: 0, 2: 0, 3: 0, 4: 0, 5: 0}",0,0,0
1,0,250,3000,6,True,0.06576949602808876,0.17692634072148108,6,5,[-0.01688219  1.67589294] [2.4995522  1.03204473] [2.49398288 3.59704961] [1.0549699  2.26791272] [ 2.28643144 -0.97268716] [2.48590539 2.44497469],[0.07169976 0.33349977 0.20182826 0.31969077 0.00487242 0.06840902],[[ 1.85723785 -0.20609617]  [-0.20609617  1.88475844]] [[1.02303474 0.22456408]  [0.22456408 1.28689098]] [[0.97362852 0.02118276]  [0.02118276 0.93967859]] [[ 0.33171399 -0.12349728]  [-0.12349728  2.57229058]] [[ 0.5045004  -0.68163648]  [-0.68163648  5.556384  ]] [[0.45903739 0.17695412]  [0.17695412 0.26207639]],6,"{0: 44, 1: 302, 2: 162, 3: 408, 4: 2, 5: 82}",4,0,3
1,1,250,3000,6,True,0.22417275987583943,0.8170330194106233,2,2,[1.86071134 1.06690872] [1.98376995 2.98051706],[5.16459251e-01 4.82571401e-01 5.19619797e-04 2.57408107e-04 1.28273703e-04 6.40466774e-05],[[ 1.27710737 -0.18228832]  [-0.18228832  1.26442618]] [[ 1.31142456 -0.25824345]  [-0.25824345  1.29830874]],2,"{0: 532, 1: 468, 2: 0, 3: 0, 4: 0, 5: 0}",0,0,0
1,2,250,3000,6,True,0.07773371433577632,0.16179619039261303,4,4,[1.15189053 2.27504543] [2.50994009 1.99989772] [2.51965631 0.845669  ] [3.3054433  3.09295741],[4.25841053e-01 1.86317039e-01 3.01034750e-01 8.60435100e-02 5.10968587e-04 2.52679342e-04],[[0.77642685 0.31644772]  [0.31644772 2.72316537]] [[ 0.40243792 -0.38861308]  [-0.38861308  2.21317269]] [[1.46469698 0.4768401 ]  [0.4768401  1.38522743]] [[0.59932074 0.3216118 ]  [0.3216118  0.73722629]],4,"{0: 464, 1: 136, 2: 328, 3: 72, 4: 0, 5: 0}",2,0,0
1,3,250,3000,6,True,0.020181076861326065,0.11471537173363172,3,3,[2.62610823 2.49933104] [1.59663504 0.90444515] [0.64685506 1.98829216],[1.07411174e-03 6.11524780e-01 1.71834657e-01 2.14796958e-01 5.14887624e-04 2.54605789e-04],[[ 1.07813562 -0.43311146]  [-0.43311146  2.22225863]] [[0.47002609 0.09013043]  [0.09013043 1.77194479]] [[ 0.90225519 -0.03365238]  [-0.03365238  1.77084533]],4,"{0: 0, 1: 666, 2: 146, 3: 188, 4: 0, 5: 0}",1,0,0
1,4,250,3000,6,True,0.021970614879533643,0.07153690904195802,4,4,[1.4614256  2.03084536] [-0.26509437  1.3544194 ] [3.20186547 1.17011124] [2.87546186 3.2875996 ],[5.28697001e-01 5.78006453e-02 2.51698736e-01 1.61036069e-01 5.13582875e-04 2.53965923e-04],[[ 0.58665198 -0.1198843 ]  [-0.1198843   2.11308942]] [[ 1.1546212  -0.24704477]  [-0.24704477  3.56349685]] [[0.69131393 0.09407302]  [0.09407302 1.56789918]] [[1.17572771 0.02884306]  [0.02884306 1.0876373 ]],4,"{0: 598, 1: 36, 2: 240, 3: 126, 4: 0, 5: 0}",3,0,1
1,5,250,3000,6,True,0.15349368558673765,0.5380306805004323,3,3,[1.80586252 2.1143628 ] [1.83994944 0.59388881] [2.25100643 3.2966034 ],[1.90088728e-01 3.96696715e-01 4.12311914e-01 5.18223509e-04 2.56608599e-04 1.27810029e-04],[[ 1.19539665 -0.41269009]  [-0.41269009  0.39464798]] [[ 1.19438478 -0.21635031]  [-0.21635031  0.96386368]] [[ 1.3855769  -0.29820018]  [-0.29820018  1.1999212 ]],3,"{0: 232, 1: 388, 2: 380, 3: 0, 4: 0, 5: 0}",0,0,0
1,6,250,3000,6,True,0.13063399134864231,0.44411951029850694,4,4,[2.11158537 1.98500167] [2.13708472 0.56303486] [1.51923579 3.333663  ] [3.14274021 3.78833239],[0.23633189 0.37031738 0.00107104 0.33150264 0.06027156 0.0005055 ],[[2.12788133 0.63806209]  [0.63806209 0.60875667]] [[1.46844616 0.33718383]  [0.33718383 1.17066645]] [[0.99406932 0.16496133]  [0.16496133 1.1192244 ]] [[0.38893973 0.30386758]  [0.30386758 0.77920656]],5,"{0: 286, 1: 346, 2: 0, 3: 316, 4: 52, 5: 0}",1,1,0
1,7,250,3000,6,True,-0.00208960791001085,0.000820075614443952,4,3,[0.70612141 1.72013482] [3.10636252 1.92430039] [1.93649277 1.71046328] [-0.63310734  1.48144611],[3.14395306e-01 3.22292805e-01 3.54957907e-01 7.66486753e-03 4.60870696e-04 2.28244377e-04],[[0.42400199 0.03188814]  [0.03188814 2.19105064]] [[ 0.51090843 -0.14103912]  [-0.14103912  2.43097779]] [[ 0.1287607  -0.06365351]  [-0.06365351  2.22497877]] [[2.16840651 0.21920791]  [0.21920791 1.12476547]],4,"{0: 296, 1: 284, 2: 416, 3: 4, 4: 0, 5: 0}",6,0,6
1,8,250,3000,6,True,0.03764515723496345,0.114932132571389,2,2,[1.71887611 3.65048561] [2.05678084 1.59044572],[2.24478729e-01 1.07278771e-03 7.73544901e-01 5.18761137e-04 2.56876873e-04 1.27944020e-04],[[1.06258853 0.05262851]  [0.05262851 1.18509108]] [[1.64795700e+00 5.38357780e-04]  [5.38357780e-04 1.97592213e+00]],3,"{0: 180, 1: 0, 2: 820, 3: 0, 4: 0, 5: 0}",0,0,0
1,9,250,3000,6,True,0.011922342865246228,0.06690876324424928,5,4,[1.32196714 2.32129467] [ 0.1702973  -0.19363306] [2.99120513 3.49646396] [3.01992325 0.06189804] [2.98258097 1.60513432],[6.43855268e-01 5.08205651e-03 1.22302393e-01 1.17719798e-01 1.10533330e-01 5.07153935e-04],[[0.92159149 0.04445681]  [0.04445681 2.39953256]] [[1.95205267 2.03928503]  [2.03928503 3.8453354 ]] [[0.40859236 0.22808313]  [0.22808313 0.95622223]] [[ 0.6338364  -0.12230756]  [-0.12230756  0.94306113]] [[0.57214007 0.11014122]  [0.11014122 0.28155331]],5,"{0: 646, 1: 2, 2: 116, 3: 102, 4: 134, 5: 0}",2,0,1
1,10,250,3000,6,True,0.10764929496590311,0.43510038820790325,2,2,[1.64340128 1.28334996] [1.97975165 3.3465083 ],[5.73629455e-01 3.11353058e-01 1.14122058e-01 5.14031901e-04 2.54585291e-04 1.26811800e-04],[[ 1.7132587  -0.03236587]  [-0.03236587  1.73444945]] [[ 1.05935426 -0.26181338]  [-0.26181338  1.29430331]],3,"{0: 672, 1: 328, 2: 0, 3: 0, 4: 0, 5: 0}",0,0,0
1,11,250,3000,6,True,0.001324512798309625,0.0063096840436945,3,3,[2.21965496 0.49517012] [1.88159246 2.04399076] [2.77574396 2.86584091],[1.03682293e-01 7.35410029e-01 1.60008572e-01 5.16173316e-04 2.55614014e-04 1.27318408e-04],[[0.41319161 0.07842839]  [0.07842839 1.18796109]] [[ 1.48954205 -0.14257594]  [-0.14257594  2.17171706]] [[0.41680563 0.0984421 ]  [0.0984421  2.59991264]],3,"{0: 16, 1: 938, 2: 46, 3: 0, 4: 0, 5: 0}",1,0,0
1,12,250,3000,6,True,0.10790060204993311,0.4631661013203643,4,4,[0.14474898 2.67284221] [2.07742808 1.1157458 ] [1.45156844 3.04095166] [2.7473514  3.37909226],[5.03959337e-02 5.48132208e-01 1.95992408e-01 2.04709877e-01 5.14957207e-04 2.54615717e-04],[[ 1.20545248 -0.41346858]  [-0.41346858  1.74233847]] [[1.1849515  0.11930172]  [0.11930172 1.69581557]] [[ 0.42018967 -0.27216628]  [-0.27216628  1.64824481]] [[ 0.28599374 -0.03084659]  [-0.03084659  1.23666289]],4,"{0: 26, 1: 588, 2: 184, 3: 202, 4: 0, 5: 0}",3,1,0
1,13,250,3000,6,True,0.13119109505967988,0.48049759365941,4,4,[2.13339429 2.77081061] [2.13865472 0.77408911] [1.26696882 1.65769386] [ 3.63742162 -0.2913443 ],[5.64555959e-01 1.07116988e-03 2.71722392e-01 1.26551292e-01 3.56017482e-02 4.97438401e-04],[[1.65954702 0.19934093]  [0.19934093 1.31168307]] [[1.74094754 0.23051367]  [0.23051367 0.74462399]] [[ 0.82058109 -1.23489285]  [-1.23489285  4.74241913]] [[ 0.42493158 -0.46725346]  [-0.46725346  2.36511556]],5,"{0: 620, 1: 0, 2: 328, 3: 32, 4: 20, 5: 0}",1,0,1
1,14,250,3000,6,True,0.0596389488050036,0.15958252514511329,6,6,[1.59050127 1.91656624] [2.60206813 3.28391912] [3.2816429  0.65419492] [3.38485933 2.20108278] [2.28578653 1.03939123] [0.4888528  2.06780055],[0.19489959 0.27452297 0.11170451 0.07770378 0.15820727 0.18296188],[[ 0.06099057 -0.03267128]  [-0.03267128  2.23031322]] [[ 0.76438119 -0.19791506]  [-0.19791506  1.33818259]] [[ 0.91822805 -0.40143559]  [-0.40143559  0.67440583]] [[ 0.83325844 -0.19616125]  [-0.19616125  0.43573659]] [[ 0.20489539 -0.0575349 ]  [-0.0575349   1.63753649]] [[ 0.30562244 -0.05878439]  [-0.05878439  2.46230259]],6,"{0: 258, 1: 278, 2: 94, 3: 44, 4: 146, 5: 180}",4,0,3
1,15,250,3000,6,True,0.04675858824005409,0.23037585187642118,4,4,[2.71914774 2.78513122] [0.55847128 2.0192163 ] [1.94492736 1.66365299] [2.60194313 0.52091111],[4.38283916e-01 2.32914747e-01 1.84576621e-01 1.43457939e-01 5.13067214e-04 2.53709874e-04],[[ 0.89537584 -0.04220844]  [-0.04220844  1.71344356]] [[0.40287499 0.21230209]  [0.21230209 2.54658433]] [[0.21762267 0.29944463]  [0.29944463 2.41213014]] [[0.63915797 0.16154171]  [0.16154171 1.05303024]],4,"{0: 480, 1: 240, 2: 166, 3: 114, 4: 0, 5: 0}",2,0,0
1,16,250,3000,6,True,0.0,0.0,1,1,[1.91522157 1.99213542],[9.98997029e-01 5.20317157e-04 2.57853588e-04 1.28531215e-04 6.41902732e-05 3.20790378e-05],[[1.49794267 0.01548691]  [0.01548691 2.43584725]],1,"{0: 1000, 1: 0, 2: 0, 3: 0, 4: 0, 5: 0}",0,0,0
1,17,250,3000,6,True,0.11949611174527118,0.38461222634523223,5,5,[1.5746307  1.05148822] [1.44503472 2.71793543] [1.72880006 3.43754243] [2.63273839 0.65962308] [-0.11733435  0.7348918 ],[0.17377268 0.1910422  0.33125676 0.27849724 0.00102427 0.02440684],[[0.42394158 0.2218718 ]  [0.2218718  0.34866946]] [[0.81690616 0.3336247 ]  [0.3336247  0.3393095 ]] [[ 1.8682915  -0.10307771]  [-0.10307771  1.37714219]] [[0.83505848 0.39969736]  [0.39969736 1.5533364 ]] [[0.82772796 0.39939088]  [0.39939088 1.11732589]],6,"{0: 208, 1: 236, 2: 284, 3: 252, 4: 0, 5: 20}",3,0,3
1,18,250,3000,6,True,0.05268641394547424,0.21892101823915397,5,5,[1.59973095 3.18991658] [2.91930788 1.06714091] [0.81836766 1.74926172] [3.87416675 2.63570911] [1.73159199 0.75305385],[0.24607551 0.21263667 0.25166718 0.1418726  0.14723778 0.00051026],[[ 0.40958876 -0.10056642]  [-0.10056642  1.71328202]] [[ 0.284403   -0.01834809]  [-0.01834809  1.66073329]] [[0.71439907 0.18087575]  [0.18087575 1.56311357]] [[ 0.7138045  -0.08551919]  [-0.08551919  2.78975742]] [[0.13077974 0.26413811]  [0.26413811 2.09845626]],5,"{0: 254, 1: 240, 2: 214, 3: 118, 4: 174, 5: 0}",5,1,4
1,19,250,3000,6,True,0.0,0.0,1,1,[1.92654492 2.03921949],[9.98997624e-01 5.19989983e-04 2.57700844e-04 1.28463415e-04 6.41580209e-05 3.20632365e-05],[[1.45440747 0.04033016]  [0.04033016 2.33789784]],1,"{0: 1000, 1: 0, 2: 0, 3: 0, 4: 0, 5: 0}",0,0,0
10,0,250,3000,6,True,0.06622402483050101,0.18330218433049644,6,5,[-0.02451118  1.67474186] [2.51087666 1.0235699 ] [2.4849006  3.63394231] [1.05559747 2.26673691] [ 2.2867179  -0.97010167] [2.48962489 2.44623498],[0.07138287 0.33139128 0.19603203 0.32145403 0.0049473  0.0747925 ],[[ 1.84875813 -0.20684103]  [-0.20684103  1.88084952]] [[1.02352685 0.23479177]  [0.23479177 1.27627862]] [[0.97681416 0.03006118]  [0.03006118 0.90723772]] [[ 0.33164176 -0.12175366]  [-0.12175366  2.56738725]] [[ 0.50337715 -0.67869723]  [-0.67869723  5.5363822 ]] [[0.46563629 0.18210753]  [0.18210753 0.26030688]],6,"{0: 44, 1: 294, 2: 162, 3: 406, 4: 2, 5: 92}",4,0,3
10,1,250,3000,6,True,0.22249072381366725,0.8574734520585241,3,2,[1.92067475 1.08128584] [1.93256069 3.0560624 ] [0.23295062 4.75942132],[0.54124574 0.45347536 0.00098557 0.00090735 0.0008356  0.00255038],[[ 1.31083808 -0.14175781]  [-0.14175781  1.2396001 ]] [[ 1.25247821 -0.1379538 ]  [-0.1379538   1.12937083]] [[ 1.76996631 -2.32045825]  [-2.32045825  4.39249302]],3,"{0: 552, 1: 446, 2: 0, 3: 0, 4: 0, 5: 2}",0,0,0
10,2,250,3000,6,True,0.0779698011594599,0.16727568582310254,4,4,[1.15197643 2.27844161] [2.50859583 1.99812353] [2.51705731 0.83883875] [3.29555018 3.08251062],[0.42497069 0.18481461 0.3006357  0.08776465 0.00095346 0.0008609 ],[[0.77648412 0.31721705]  [0.31721705 2.71906594]] [[ 0.40272266 -0.39140285]  [-0.39140285  2.21736824]] [[1.46628466 0.47744163]  [0.47744163 1.37847519]] [[0.60456205 0.32398464]  [0.32398464 0.74074681]],4,"{0: 462, 1: 132, 2: 332, 3: 74, 4: 0, 5: 0}",2,0,0
10,3,250,3000,6,True,0.0225764043901165,0.11595045673987689,3,3,[2.6738667  2.50354312] [1.60854402 0.94489671] [0.68044344 2.0997918 ],[0.00107293 0.58258086 0.19087528 0.22364378 0.00096019 0.00086695],[[ 1.04799404 -0.44477329]  [-0.44477329  2.23552008]] [[0.48808403 0.09840289]  [0.09840289 1.77302661]] [[0.92329304 0.03235632]  [0.03235632 1.77447051]],4,"{0: 0, 1: 644, 2: 162, 3: 194, 4: 0, 5: 0}",1,0,0
10,4,250,3000,6,True,0.022413022050351623,0.07287979199173837,4,4,[1.46014512 2.03294323] [-0.27058533  1.3533156 ] [3.19934341 1.17311845] [2.87614572 3.28909046],[0.52789845 0.05747663 0.25274732 0.16005566 0.00095744 0.00086449],[[ 0.58619309 -0.11871662]  [-0.11871662  2.11367264]] [[ 1.1507288  -0.24880293]  [-0.24880293  3.56578944]] [[0.69380443 0.09479773]  [0.09479773 1.57212337]] [[1.17428757 0.03039174]  [0.03039174 1.08714468]],4,"{0: 596, 1: 36, 2: 242, 3: 126, 4: 0, 5: 0}",3,0,1
10,5,250,3000,6,True,0.15349368558673765,0.5380306805004323,3,3,[1.80400398 2.11309552] [1.83912757 0.59131572] [2.2505038 3.2901857],[0.18866805 0.39503238 0.41367592 0.000965   0.0008713  0.00078735],[[ 1.19332464 -0.41324745]  [-0.41324745  0.39439768]] [[ 1.19414673 -0.21700438]  [-0.21700438  0.96199124]] [[ 1.38554866 -0.29783844]  [-0.29783844  1.20571854]],3,"{0: 232, 1: 388, 2: 380, 3: 0, 4: 0, 5: 0}",0,0,0
10,6,250,3000,6,True,0.1298249771189854,0.4479312353578532,4,4,[2.11356886 1.98714341] [2.13695035 0.57238047] [1.50702886 3.33290395] [3.13094242 3.77317711],[0.23314915 0.37301129 0.00107051 0.32877873 0.06304161 0.00094871],[[2.13665299 0.64179266]  [0.64179266 0.60683632]] [[1.46859362 0.33702563]  [0.33702563 1.1779719 ]] [[0.98265365 0.16560351]  [0.16560351 1.12121074]] [[0.3914194  0.3047696 ]  [0.3047696  0.78552231]],5,"{0: 280, 1: 350, 2: 0, 3: 314, 4: 56, 5: 0}",1,1,0
10,7,250,3000,6,True,-0.002149981398844619,0.0005888582554178427,4,3,[0.70161449 1.71896388] [3.10659053 1.9246396 ] [1.93526676 1.71180836] [-0.52597953  1.49080852],[0.31083035 0.32171338 0.35652316 0.00920085 0.00091005 0.00082221],[[0.41588327 0.02995851]  [0.02995851 2.1938062 ]] [[ 0.51083615 -0.14129156]  [-0.14129156  2.43124882]] [[ 0.12937268 -0.06400867]  [-0.06400867  2.22523013]] [[2.15500479 0.21649506]  [0.21649506 1.1417465 ]],4,"{0: 294, 1: 282, 2: 420, 3: 4, 4: 0, 5: 0}",6,0,6
10,8,250,3000,6,True,0.10061216671994573,0.35998416253284354,3,3,[2.0661426  1.21571786] [1.60809395 3.71588474] [2.5055567 2.656146 ],[0.00107588 0.00107341 0.62331257 0.27793872 0.09564501 0.00095442],[[ 1.6464834  -0.00425593]  [-0.00425593  1.54229885]] [[1.15191865 0.18531478]  [0.18531478 1.07110674]] [[1.20023368 0.29320704]  [0.29320704 0.32934596]],5,"{0: 0, 1: 0, 2: 664, 3: 278, 4: 58, 5: 0}",0,0,0
10,9,250,3000,6,True,0.011510175452298647,0.06545121051966425,5,4,[1.3227058  2.32011729] [ 0.16964977 -0.19294119] [2.99139495 3.49845173] [3.02362313 0.05873359] [2.98185849 1.60478617],[0.64396061 0.00508283 0.12206013 0.11708658 0.1108602  0.00094964],[[0.92202565 0.04346241]  [0.04346241 2.40082726]] [[1.95170378 2.03885583]  [2.03885583 3.844244  ]] [[0.40852522 0.22794186]  [0.22794186 0.95418325]] [[ 0.63146512 -0.12126648]  [-0.12126648  0.94091755]] [[0.57226616 0.1103776 ]  [0.1103776  0.28203187]],5,"{0: 648, 1: 2, 2: 116, 3: 100, 4: 134, 5: 0}",2,0,1
10,10,250,3000,6,True,0.10961015925858969,0.44039956686043763,2,2,[1.64204582 1.28155649] [1.98115785 3.3444608 ],[0.57131629 0.31129749 0.11478379 0.00095681 0.00086439 0.00078122],[[ 1.71425172 -0.03335494]  [-0.03335494  1.73333785]] [[ 1.06155692 -0.26314324]  [-0.26314324  1.29618996]],3,"{0: 670, 1: 330, 2: 0, 3: 0, 4: 0, 5: 0}",0,0,0
10,11,250,3000,6,True,0.001533062929703945,0.007078119686185782,3,3,[2.21173734 0.48820405] [1.87884578 2.0412149 ] [2.77105912 2.83513325],[0.10106136 0.7316201  0.16470505 0.00096097 0.00086805 0.00078447],[[0.41140181 0.07696701]  [0.07696701 1.18312987]] [[ 1.49024425 -0.14504352]  [-0.14504352  2.17308437]] [[0.42087631 0.10181095]  [0.10181095 2.62200805]],3,"{0: 14, 1: 938, 2: 48, 3: 0, 4: 0, 5: 0}",1,0,0
10,12,250,3000,6,True,0.1078566421040722,0.46332635696370295,4,4,[0.14790895 2.66955125] [2.07828586 1.11049162] [1.44988522 3.03364057] [2.74592476 3.37422466],[0.05068326 0.54488982 0.19645189 0.20614779 0.00096028 0.00086697],[[ 1.20503743 -0.41313881]  [-0.41313881  1.74553258]] [[1.18588556 0.12024424]  [0.12024424 1.69182545]] [[ 0.41817931 -0.27176615]  [-0.27176615  1.65471431]] [[ 0.28718399 -0.03095808]  [-0.03095808  1.23967253]],4,"{0: 26, 1: 588, 2: 182, 3: 204, 4: 0, 5: 0}",3,1,0
10,13,250,3000,6,True,0.11252403743149496,0.4285378593633542,5,4,[2.17578191 2.78777005] [2.09667612 0.79540065] [1.22719992 1.37818593] [3.62040847 0.08540209] [1.23179278 5.30573702],[0.5557148  0.00107124 0.24211327 0.14972016 0.04744653 0.00393399],[[1.59978569 0.15941882]  [0.15941882 1.33337493]] [[1.80255631 0.26916331]  [0.26916331 0.72269652]] [[ 0.83270449 -1.18168013]  [-1.18168013  3.59157244]] [[ 0.39953534 -0.45460063]  [-0.45460063  2.47640787]] [[ 0.80232313 -1.38872951]  [-1.38872951  6.2195607 ]],6,"{0: 630, 1: 0, 2: 302, 3: 44, 4: 22, 5: 2}",2,0,2
10,14,250,3000,6,True,0.05261038385453936,0.15253877026845278,6,6,[1.59060009 1.9072861 ] [2.56167156 3.40029544] [3.27599613 0.67841034] [3.34752848 2.23562674] [2.29049983 1.06939856] [0.48920274 2.06359526],[0.19504766 0.25119134 0.11657051 0.09197716 0.16232411 0.18288922],[[ 0.06098866 -0.03330029]  [-0.03330029  2.22375503]] [[ 0.76399329 -0.16253796]  [-0.16253796  1.24122113]] [[ 0.90906477 -0.39903747]  [-0.39903747  0.68147956]] [[ 0.80679877 -0.18817114]  [-0.18817114  0.42777546]] [[ 0.2039813  -0.0561975 ]  [-0.0561975   1.65461002]] [[ 0.30603714 -0.05996244]  [-0.05996244  2.46102408]],6,"{0: 256, 1: 230, 2: 98, 3: 76, 4: 160, 5: 180}",5,0,4
10,15,250,3000,6,True,0.053284227600310534,0.24128014737704528,4,4,[2.71857452 2.81372379] [0.55842916 2.01964166] [1.94630802 1.66943097] [2.61289946 0.54926976],[0.42938898 0.23264311 0.1854916  0.15065512 0.00095706 0.00086413],[[ 0.89666555 -0.04255544]  [-0.04255544  1.68449979]] [[0.402842   0.2122376 ]  [0.2122376  2.54293514]] [[0.21814927 0.29777612]  [0.29777612 2.40106722]] [[0.65266905 0.17024015]  [0.17024015 1.06845797]],4,"{0: 466, 1: 242, 2: 168, 3: 124, 4: 0, 5: 0}",2,0,0
10,16,250,3000,6,True,0.0,0.0,1,1,[1.91521594 1.99213541],[9.96005630e-01 9.66628651e-04 8.73947281e-04 7.91296825e-04 7.15214619e-04 6.47282509e-04],[[1.4981127  0.01548642]  [0.01548642 2.43610159]],1,"{0: 1000, 1: 0, 2: 0, 3: 0, 4: 0, 5: 0}",0,0,0
10,17,250,3000,6,True,0.12194971079368566,0.3830103867341978,5,5,[1.57713118 1.05385848] [1.44843906 2.72117713] [1.73043387 3.45068436] [2.6349474  0.66840742] [-0.07328551  0.79643306],[0.17228192 0.19046538 0.32812902 0.28026939 0.00103677 0.02781753],[[0.41054095 0.21621594]  [0.21621594 0.34672383]] [[0.80849991 0.32811551]  [0.32811551 0.33491051]] [[ 1.8674917  -0.10654799]  [-0.10654799  1.36348868]] [[0.83260159 0.39938638]  [0.39938638 1.55872855]] [[0.82014724 0.38913102]  [0.38913102 1.13905368]],6,"{0: 208, 1: 236, 2: 280, 3: 256, 4: 0, 5: 20}",3,0,3
10,18,250,3000,6,True,0.05381322233970267,0.21644010119692425,5,5,[1.59562151 3.20101229] [2.91812544 1.06700087] [0.82002352 1.75207158] [3.87073046 2.63226141] [1.7339959  0.76957353],[0.24290955 0.21234852 0.25231002 0.14250289 0.14897323 0.00095579],[[ 0.40836875 -0.09854216]  [-0.09854216  1.70668749]] [[ 0.2833758  -0.0192527 ]  [-0.0192527   1.65977865]] [[0.7144734  0.18225373]  [0.18225373 1.56416738]] [[ 0.71513119 -0.08347944]  [-0.08347944  2.78833143]] [[0.13121714 0.26645231]  [0.26645231 2.11530282]],5,"{0: 252, 1: 240, 2: 216, 3: 118, 4: 174, 5: 0}",5,1,4
10,19,250,3000,6,True,0.006924175506932027,0.018756241539990216,2,2,[1.45547389 1.8552246 ] [2.83098313 2.39248386],[0.65597436 0.34069262 0.0009632  0.00087059 0.0007872  0.00071204],[[ 1.0832733  -0.08309381]  [-0.08309381  2.2515733 ]] [[ 0.92168494 -0.20763267]  [-0.20763267  2.30794824]],2,"{0: 694, 1: 306, 2: 0, 3: 0, 4: 0, 5: 0}",1,0,1
100,0,250,3000,6,True,0.059224082790763584,0.17014024623729557,6,5,[-0.03477012  1.66758053] [2.54292763 1.00074112] [2.46522503 3.71908698] [1.05766961 2.26398308] [ 2.28764298 -0.95825932] [2.49335787 2.4453099 ],[0.07096502 0.32352152 0.18230393 0.32676033 0.00513906 0.09131014],[[ 1.83667206 -0.21299062]  [-0.21299062  1.87584459]] [[1.01934875 0.25913656]  [0.25913656 1.24948593]] [[0.97665727 0.05758046]  [0.05758046 0.82626527]] [[ 0.33284041 -0.11702688]  [-0.11702688  2.56634768]] [[ 0.50091109 -0.67159966]  [-0.67159966  5.48774196]] [[0.49271578 0.19839876]  [0.19839876 0.26508919]],6,"{0: 44, 1: 290, 2: 146, 3: 406, 4: 2, 5: 112}",4,0,3
100,1,250,3000,6,True,0.21632661533990524,0.8243042964962402,4,2,[1.90730111 1.08455902] [1.96332638 3.06403113] [0.32397734 0.39209828] [0.33777094 4.61384828],[0.53970517 0.45056113 0.00339584 0.00104769 0.00103674 0.00425343],[[ 1.27199414 -0.19108095]  [-0.19108095  1.21742919]] [[ 1.26353886 -0.15541426]  [-0.15541426  1.10791969]] [[2.10063807 1.68049034]  [1.68049034 2.41919014]] [[ 1.72322091 -2.19419304]  [-2.19419304  4.25979936]],6,"{0: 550, 1: 446, 2: 2, 3: 0, 4: 0, 5: 2}",1,0,1
100,2,250,3000,6,True,0.0843292169305784,0.18626218585804558,4,4,[1.15166548 2.30080466] [2.5023483  1.99100885] [2.50253048 0.81377106] [3.24085387 3.03387375],[0.42137009 0.17594315 0.30404071 0.09655586 0.00105077 0.00103942],[[0.77661191 0.32300518]  [0.32300518 2.69794378]] [[ 0.40272826 -0.40561656]  [-0.40561656  2.2393443 ]] [[1.4702277  0.47850841]  [0.47850841 1.35468102]] [[0.63406675 0.33852805]  [0.33852805 0.7568025 ]],6,"{0: 464, 1: 110, 2: 336, 3: 90, 4: 0, 5: 0}",2,0,0
100,3,250,3000,6,True,0.029353812609551024,0.13920583987063825,3,3,[2.709325   2.50659801] [1.610484  1.0441501] [0.6516997  2.18098764],[0.00107204 0.56182366 0.21927605 0.21573241 0.00105361 0.00104223],[[ 1.02696251 -0.45421898]  [-0.45421898  2.24598645]] [[0.50624859 0.09741073]  [0.09741073 1.83495635]] [[0.91409997 0.07853965]  [0.07853965 1.77713385]],6,"{0: 0, 1: 620, 2: 188, 3: 192, 4: 0, 5: 0}",1,0,0
100,4,250,3000,6,True,0.02816452338048958,0.08975190461725595,5,5,[1.44364251 1.93047909] [3.10258568 1.02399478] [3.08304225 3.17594278] [-0.36875571  0.98601334] [1.39379166 3.67464329],[0.46184318 0.00107155 0.26054375 0.14824822 0.0468659  0.0814274 ],[[0.53679508 0.0395539 ]  [0.0395539  1.8430625 ]] [[0.73904437 0.12674061]  [0.12674061 1.4949509 ]] [[1.04290886 0.05835205]  [0.05835205 1.26597576]] [[ 1.12808148 -0.28547948]  [-0.28547948  2.68088549]] [[ 1.22479228 -0.53802421]  [-0.53802421  0.85379673]],6,"{0: 556, 1: 0, 2: 248, 3: 130, 4: 30, 5: 36}",4,1,3
100,5,250,3000,6,True,0.14358365069983917,0.5033935116610592,4,4,[1.70558125 2.15287505] [1.8276986  0.60650372] [2.48937403 3.22144324] [1.08873918 3.66265629],[0.18855124 0.39859586 0.35833717 0.05242744 0.00104982 0.00103847],[[ 1.26138896 -0.45738223]  [-0.45738223  0.40732164]] [[ 1.19132959 -0.22428409]  [-0.22428409  0.97599736]] [[ 1.16578456 -0.25030399]  [-0.25030399  1.26468567]] [[ 0.49473991 -0.44731778]  [-0.44731778  0.97329874]],6,"{0: 232, 1: 394, 2: 348, 3: 26, 4: 0, 5: 0}",1,1,0
100,6,250,3000,6,True,0.12808885432605768,0.43200049325207474,4,4,[2.11227046 1.98807449] [2.13581408 0.56956652] [1.47102407 3.35008142] [3.09609299 3.74394688],[0.23911901 0.00107259 0.3713277  0.31681637 0.07061381 0.00105051],[[2.11904051 0.63161302]  [0.63161302 0.60803001]] [[1.46660928 0.33544409]  [0.33544409 1.17633112]] [[0.95006762 0.16848553]  [0.16848553 1.11070515]] [[0.40209057 0.30752045]  [0.30752045 0.79270385]],6,"{0: 286, 1: 0, 2: 346, 3: 304, 4: 64, 5: 0}",1,1,0
100,7,250,3000,6,True,-0.0021087862168905507,0.0007685574633728438,4,3,[0.69755403 1.71796174] [3.10851014 1.92482377] [1.93432763 1.71345312] [-0.40565836  1.50276325],[0.30738554 0.32074453 0.35882674 0.01096646 0.00104398 0.00103275],[[0.40844151 0.02819681]  [0.02819681 2.19683468]] [[ 0.50958579 -0.14145171]  [-0.14145171  2.43156496]] [[ 0.13014473 -0.06434233]  [-0.06434233  2.22594742]] [[2.15404387 0.21585639]  [0.21585639 1.16483585]],6,"{0: 292, 1: 282, 2: 422, 3: 4, 4: 0, 5: 0}",6,0,6
100,8,250,3000,6,True,0.13255954115333335,0.5461743773320448,3,3,[2.24002149 1.01403239] [1.57245625 3.64269731] [1.91980071 2.40279232],[0.00107411 0.00107513 0.53513101 0.31710384 0.1445623  0.0010536 ],[[1.49295539 0.17034874]  [0.17034874 1.37000988]] [[1.2088622  0.197177  ]  [0.197177   1.06300089]] [[1.7852931  0.61860064]  [0.61860064 0.44036485]],6,"{0: 0, 1: 0, 2: 510, 3: 318, 4: 172, 5: 0}",0,0,0
100,9,250,3000,6,True,0.0839734893403274,0.29714710149100576,6,5,[0.91084759 3.33116501] [ 0.40289702 -0.41190393] [1.84106658 3.15176763] [3.2277875 2.0642894] [2.04241028 1.45753954] [1.75763663 0.14789951],[0.21165592 0.01068035 0.22556781 0.18139265 0.20392114 0.16678214],[[0.69433153 0.09169194]  [0.09169194 1.62657345]] [[1.60028364 1.26801142]  [1.26801142 3.50289529]] [[1.05349331 0.43809656]  [0.43809656 0.7298032 ]] [[ 0.37258428 -0.20045436]  [-0.20045436  3.00635767]] [[0.87358882 0.13997121]  [0.13997121 0.27377279]] [[ 1.43046359 -0.31338114]  [-0.31338114  0.77415089]],6,"{0: 176, 1: 4, 2: 246, 3: 176, 4: 244, 5: 154}",3,1,1
100,10,250,3000,6,True,0.11196810036668443,0.36320604302070253,5,5,[1.58814215 0.68995394] [2.43608038 2.99032388] [1.83877132 1.83548949] [0.54843709 2.67869539] [-0.09061487  2.30158829],[0.33679398 0.33702288 0.19681577 0.11144311 0.01688266 0.0010416 ],[[1.6952375  0.04737435]  [0.04737435 1.26094546]] [[ 0.87392856 -0.40186318]  [-0.40186318  1.6286762 ]] [[ 0.14249267 -0.19861965]  [-0.19861965  2.18933995]] [[ 0.35292104 -0.18044518]  [-0.18044518  1.47616538]] [[ 1.75063065 -0.37106936]  [-0.37106936  0.4001202 ]],6,"{0: 350, 1: 336, 2: 198, 3: 106, 4: 10, 5: 0}",4,0,2
100,11,250,3000,6,True,0.003661943970353345,0.018246872527700964,2,2,[1.85871892 2.02019147] [2.72954489 2.62839678],[0.08181055 0.71236269 0.20269641 0.00105479 0.00104341 0.00103215],[[ 1.49463776 -0.16227626]  [-0.16227626  2.18641974]] [[0.45506192 0.13575692]  [0.13575692 2.75810546]],6,"{0: 0, 1: 932, 2: 68, 3: 0, 4: 0, 5: 0}",1,0,0
100,12,250,3000,6,True,0.10122315999090495,0.41901010859037063,4,4,[1.20617287 3.21417707] [2.05975924 1.05928894] [2.66649112 3.34991972] [1.44405042 2.88758768],[0.17809136 0.00107245 0.54853376 0.2081394  0.06311361 0.00104942],[[ 1.43912573 -0.06486563]  [-0.06486563  1.84239187]] [[1.14295323 0.10591961]  [0.10591961 1.57723135]] [[ 0.35321766 -0.04041431]  [-0.04041431  1.18823421]] [[ 0.26283445 -0.12666839]  [-0.12666839  0.45230347]],6,"{0: 114, 1: 0, 2: 602, 3: 218, 4: 66, 5: 0}",2,2,0
100,13,250,3000,6,True,0.12321188992252863,0.45440547178218155,5,4,[2.1761505  2.81709276] [2.07551622 0.82461709] [1.23657278 1.38207709] [3.60097654 0.30202818] [1.25387175 5.19284704],[0.53703065 0.00107044 0.24258968 0.15802245 0.05664272 0.00464407],[[1.59668257 0.16723477]  [0.16723477 1.3053534 ]] [[1.79524684 0.28643649]  [0.28643649 0.73803658]] [[ 0.83164436 -1.15637288]  [-1.15637288  3.51265558]] [[ 0.39723004 -0.4507171 ]  [-0.4507171   2.56942345]] [[ 0.8052691  -1.37077756]  [-1.37077756  6.13842785]],6,"{0: 616, 1: 0, 2: 306, 3: 46, 4: 30, 5: 2}",2,0,2
100,14,250,3000,6,True,0.05655361464575345,0.12135614840782646,6,6,[1.58953536 1.9129124 ] [2.54182111 3.49703021] [3.30608517 0.6826373 ] [3.32324098 2.26263973] [2.29397283 1.10042407] [0.49272217 2.0649934 ],[0.19467408 0.23067183 0.11448962 0.10333678 0.17238465 0.18444304],[[ 0.06044398 -0.0323533 ]  [-0.0323533   2.21375127]] [[ 0.76143584 -0.1396089 ]  [-0.1396089   1.1649709 ]] [[ 0.87937373 -0.40030176]  [-0.40030176  0.68555364]] [[ 0.79649009 -0.19317985]  [-0.19317985  0.435764  ]] [[ 0.20764902 -0.05402726]  [-0.05402726  1.65970214]] [[ 0.30752366 -0.05932177]  [-0.05932177  2.45864876]],6,"{0: 254, 1: 202, 2: 88, 3: 96, 4: 180, 5: 180}",5,0,4
100,15,250,3000,6,True,0.07351677512860275,0.2998593087069249,4,4,[2.70509699 2.96623401] [0.55885963 2.03329177] [1.95544064 1.71546823] [2.66217523 0.71423301],[0.38245399 0.23225235 0.18848779 0.19471136 0.00105294 0.00104157],[[ 0.89677316 -0.02317903]  [-0.02317903  1.52838636]] [[0.40315218 0.21625622]  [0.21625622 2.53502522]] [[0.21983875 0.29298358]  [0.29298358 2.37513342]] [[0.73261725 0.21929338]  [0.21929338 1.16912205]],6,"{0: 416, 1: 246, 2: 172, 3: 166, 4: 0, 5: 0}",2,0,0
100,16,250,3000,6,True,0.0,0.0,1,1,[1.91521333 1.9921354 ],[0.99482477 0.00105704 0.00104566 0.00103695 0.00102329 0.00101229],[[1.49818743 0.01548618]  [0.01548618 2.43621306]],6,"{0: 1000, 1: 0, 2: 0, 3: 0, 4: 0, 5: 0}",0,0,0
100,17,250,3000,6,True,0.11582268793082053,0.35046946085464664,6,6,[1.55343053 1.05002057] [1.45325396 2.73848553] [2.07740337 3.61639615] [2.43159001 0.47989398] [3.24813734 1.6152668 ] [0.02904281 2.1177128 ],[0.17340858 0.18543951 0.27084397 0.23486673 0.05464766 0.08079356],[[0.36143219 0.19239084]  [0.19239084 0.3397712 ]] [[0.60340539 0.26743249]  [0.26743249 0.31409719]] [[ 1.86544101 -0.31151553]  [-0.31151553  1.1769616 ]] [[0.59341929 0.23578155]  [0.23578155 1.46764345]] [[ 0.72774364 -0.48378522]  [-0.48378522  0.63041552]] [[0.61312375 0.36132415]  [0.36132415 2.35603445]],6,"{0: 208, 1: 232, 2: 256, 3: 212, 4: 34, 5: 58}",4,0,3
100,18,250,3000,6,True,0.058772712831656186,0.2059751035238099,5,5,[1.57540799 3.25192448] [2.91496373 1.06164245] [0.82644642 1.76680514] [3.85074125 2.61106187] [1.74672397 0.85351544],[0.22844663 0.20960976 0.255517   0.14660196 0.15877302 0.00105164],[[ 0.40238312 -0.08933814]  [-0.08933814  1.67878192]] [[ 0.27552847 -0.02188956]  [-0.02188956  1.65248417]] [[0.71386576 0.18948901]  [0.18948901 1.57055019]] [[ 0.72271386 -0.07136566]  [-0.07136566  2.78174408]] [[0.13370756 0.2777398 ]  [0.2777398  2.1963794 ]],6,"{0: 238, 1: 236, 2: 222, 3: 124, 4: 180, 5: 0}",5,1,4
100,19,250,3000,6,True,0.04471506049854099,0.10560174654583436,3,3,[1.2975923  1.41133618] [2.66109791 2.46941787] [1.12893864 3.52854568],[0.46811814 0.46750733 0.00106152 0.0612382  0.00104302 0.00103178],[[ 1.07081893 -0.24098826]  [-0.24098826  1.81560539]] [[ 0.96141851 -0.21219206]  [-0.21219206  2.17804722]] [[ 0.36369667 -0.09719043]  [-0.09719043  0.8581074 ]],6,"{0: 480, 1: 480, 2: 0, 3: 40, 4: 0, 5: 0}",0,0,0
1000,0,250,3000,6,True,0.05797637389599898,0.16317308685996126,6,5,[-0.06950316  1.66555302] [2.56937901 0.97433452] [2.46576391 3.77072983] [1.06238263 2.25805654] [ 2.28904188 -0.94388431] [2.50014536 2.44523666],[0.06911336 0.31328181 0.17285328 0.3354245  0.00531431 0.10401273],[[ 1.80847832 -0.21422829]  [-0.21422829  1.8740807 ]] [[1.01027513 0.27156224]  [0.27156224 1.21712244]] [[0.96736984 0.07576045]  [0.07576045 0.77358845]] [[ 0.33796721 -0.11272475]  [-0.11272475  2.5737764 ]] [[ 0.49875276 -0.66463779]  [-0.66463779  5.44193039]] [[0.51591834 0.20693153]  [0.20693153 0.27142973]],6,"{0: 44, 1: 280, 2: 140, 3: 416, 4: 2, 5: 118}",4,0,3
1000,1,250,3000,6,True,0.22548148006456686,0.8610610896885734,4,2,[1.9009777 1.0103991] [1.96642125 2.98036912] [0.29721547 0.36492445] [0.35981427 4.55848321],[0.49948146 0.49019243 0.00365991 0.00106785 0.00106669 0.00453166],[[ 1.2699642  -0.20058909]  [-0.20058909  1.16543972]] [[ 1.26338373 -0.16059518]  [-0.16059518  1.17159001]] [[2.08997783 1.6808711 ]  [1.6808711  2.4008809 ]] [[ 1.72353282 -2.19279345]  [-2.19279345  4.25686562]],6,"{0: 508, 1: 488, 2: 2, 3: 0, 4: 0, 5: 2}",1,0,1
1000,2,250,3000,6,True,0.08389617292610861,0.23219796926712374,4,4,[1.14216259 2.35689583] [2.48659417 2.01304033] [2.46791326 0.80417124] [3.14521814 2.97738881],[0.40611088 0.15903961 0.32465305 0.108064   0.00106681 0.00106565],[[0.7746362  0.33752113]  [0.33752113 2.65226237]] [[ 0.40726892 -0.43681395]  [-0.43681395  2.29799418]] [[1.46862193 0.47586461]  [0.47586461 1.35225384]] [[0.6877923  0.36886084]  [0.36886084 0.77359564]],6,"{0: 452, 1: 80, 2: 374, 3: 94, 4: 0, 5: 0}",2,0,0
1000,3,250,3000,6,True,0.01530057122250413,0.06771336525200566,3,3,[2.8158828  2.49959691] [1.72327426 0.72342353] [1.08809763 2.1610424 ],[0.00107065 0.48441412 0.14657302 0.36580883 0.00106727 0.0010661 ],[[ 0.97967401 -0.47962978]  [-0.47962978  2.2855849 ]] [[0.4943106  0.16435851]  [0.16435851 1.58966305]] [[1.11801737 0.07294652]  [0.07294652 1.88471354]],6,"{0: 0, 1: 552, 2: 122, 3: 326, 4: 0, 5: 0}",1,0,0
1000,4,250,3000,6,True,0.07437042402462142,0.17437349129991775,5,5,[1.36433351 1.75021292] [2.98221829 0.89010512] [3.17435834 2.94284901] [-0.28447087  0.93170323] [1.81073945 3.4795366 ],[0.37514468 0.00107073 0.2459673  0.15224215 0.05204956 0.17352559],[[ 0.46464821 -0.01481671]  [-0.01481671  1.57593929]] [[0.75575686 0.0541748 ]  [0.0541748  1.34163869]] [[1.03244489 0.07491315]  [0.07491315 1.6105899 ]] [[ 1.160836   -0.3278071 ]  [-0.3278071   2.69085509]] [[ 1.27907808 -0.47197937]  [-0.47197937  0.8643769 ]],6,"{0: 424, 1: 0, 2: 248, 3: 116, 4: 36, 5: 176}",4,0,3
1000,5,250,3000,6,True,0.15254004550521189,0.4728833072315773,6,6,[1.48815429 2.20984311] [1.87610882 0.55310335] [2.36854908 3.33342281] [1.02708469 3.72259475] [2.99269756 1.85901733] [1.87554348 0.38324528],[0.15445122 0.32849522 0.31273659 0.0699798  0.08280143 0.05153574],[[ 1.15514291 -0.4339088 ]  [-0.4339088   0.40187405]] [[ 1.41807502 -0.2096427 ]  [-0.2096427   0.7888982 ]] [[0.95351549 0.0381307 ]  [0.0381307  1.05731451]] [[ 0.46018614 -0.38039721]  [-0.38039721  1.12501313]] [[1.08836427 0.1707579 ]  [0.1707579  0.28769937]] [[ 0.27335917 -0.17150155]  [-0.17150155  1.61408904]],6,"{0: 194, 1: 380, 2: 292, 3: 46, 4: 82, 5: 6}",2,1,0
1000,6,250,3000,6,True,0.08294350482025432,0.29964681106995156,6,6,[2.42370712 1.94932561] [2.5143678  0.86594687] [3.06870706 1.2435544 ] [1.30477255 3.24663768] [2.87908643 3.59676858] [0.9710674  0.94344682],[0.10800773 0.13189147 0.14607173 0.24274241 0.14092397 0.23036268],[[1.0032738  0.31170447]  [0.31170447 0.45425905]] [[0.37646234 0.11084878]  [0.11084878 1.33697435]] [[1.88037274 0.72757961]  [0.72757961 1.74521773]] [[0.47164407 0.04949895]  [0.04949895 1.26038854]] [[0.47150208 0.22512554]  [0.22512554 0.91188201]] [[ 1.13395013 -0.22284719]  [-0.22284719  1.66336139]],6,"{0: 120, 1: 144, 2: 82, 3: 264, 4: 148, 5: 242}",3,1,2
1000,7,250,3000,6,True,0.00251255369131172,0.016374880967983584,5,5,[0.68581006 1.36320184] [3.12005026 1.91540896] [1.93851189 1.65647375] [-0.3302154   1.53653362] [1.02811149 3.33709426],[0.25143608 0.31595806 0.34954213 0.01243428 0.06956523 0.00106421],[[0.38881723 0.03317889]  [0.03317889 1.78910516]] [[ 0.5031702  -0.13825959]  [-0.13825959  2.44160219]] [[ 0.12849727 -0.06165726]  [-0.06165726  2.19470003]] [[2.09549026 0.22637326]  [0.22637326 1.1140036 ]] [[ 0.68364531 -0.11084206]  [-0.11084206  0.75072459]],6,"{0: 242, 1: 284, 2: 426, 3: 6, 4: 42, 5: 0}",6,0,6
1000,8,250,3000,6,True,0.1338684076956325,0.5510391027566502,3,3,[2.24898156 0.97981882] [1.57232154 3.63618592] [1.92210283 2.39761481],[0.00107209 0.00107234 0.52264744 0.32048862 0.15365156 0.00106794],[[1.48990041 0.17983658]  [0.17983658 1.33374763]] [[1.21018523 0.1979845 ]  [0.1979845  1.06562388]] [[1.76822335 0.60993356]  [0.60993356 0.4403752 ]],6,"{0: 0, 1: 0, 2: 498, 3: 314, 4: 188, 5: 0}",0,0,0
1000,9,250,3000,6,True,0.08169765017931287,0.3163975064254851,6,5,[0.91049767 3.52950834] [ 0.39843401 -0.4397809 ] [1.7242429  3.12198626] [3.22464322 2.11579341] [2.00943005 1.46551647] [1.73660383 0.17884843],[0.17257228 0.01029124 0.24736785 0.18362563 0.21080207 0.17534093],[[0.67604254 0.05971671]  [0.05971671 1.49937902]] [[1.60164629 1.29203248]  [1.29203248 3.53021109]] [[1.10063811 0.4245329 ]  [0.4245329  0.69815307]] [[ 0.37412686 -0.19980809]  [-0.19980809  3.05418812]] [[0.88725392 0.13570088]  [0.13570088 0.2747206 ]] [[ 1.45115293 -0.31889582]  [-0.31889582  0.79328053]],6,"{0: 104, 1: 4, 2: 306, 3: 184, 4: 246, 5: 156}",3,1,1
1000,10,250,3000,6,True,0.07963023015932283,0.19033956207789968,5,5,[2.15079267 0.48207788] [2.46999813 2.9884871 ] [1.8186774  1.88307015] [0.56887477 2.01243992] [-0.34233643  1.4874327 ],[0.21776172 0.32482625 0.23103017 0.17880457 0.04651111 0.00106619],[[1.21340311 0.25936532]  [0.25936532 1.15779992]] [[ 0.84194677 -0.38827899]  [-0.38827899  1.61838077]] [[ 0.15025446 -0.17371461]  [-0.17371461  1.99987771]] [[ 0.32545868 -0.17476786]  [-0.17476786  2.20920086]] [[1.34306426 0.15399003]  [0.15399003 1.51626983]],6,"{0: 208, 1: 320, 2: 256, 3: 190, 4: 26, 5: 0}",4,0,2
1000,11,250,3000,6,True,0.03816833456239274,0.12381419382134978,5,5,[1.53170484 1.20867384] [2.55109274 1.43743542] [3.13637471 2.44081227] [0.36458776 1.33006902] [1.17197301 3.31508673],[0.21981014 0.22087587 0.29111362 0.08372215 0.18341285 0.00106536],[[ 0.12228336 -0.04088842]  [-0.04088842  1.81721909]] [[ 0.10782622 -0.04426592]  [-0.04426592  1.63642737]] [[ 0.55704288 -0.22845757]  [-0.22845757  2.91206577]] [[0.57385031 0.18618605]  [0.18618605 0.96642923]] [[1.164083   0.04612554]  [0.04612554 0.99207442]],6,"{0: 240, 1: 268, 2: 256, 3: 66, 4: 170, 5: 0}",4,0,3
1000,12,250,3000,6,True,0.10381295205727784,0.4258085867996713,5,5,[0.8921275  2.97938587] [2.23251902 0.62954509] [2.6459313  3.05586373] [1.43896684 2.85255067] [1.42679739 1.16223274],[0.16817985 0.00107056 0.33974814 0.31408542 0.09200257 0.08491347],[[1.25617564 0.08986598]  [0.08986598 2.23295586]] [[1.17892389 0.24972643]  [0.24972643 1.40827347]] [[ 0.40035971 -0.07084314]  [-0.07084314  1.43425874]] [[ 0.27614731 -0.14639334]  [-0.14639334  0.40037303]] [[ 0.28836682 -0.00871165]  [-0.00871165  0.35934174]],6,"{0: 108, 1: 0, 2: 354, 3: 338, 4: 114, 5: 86}",3,1,1
1000,13,250,3000,6,True,0.152119774446846,0.5311663645885989,5,4,[2.18061249 2.87398471] [2.06470051 0.88073812] [1.24690085 1.40408943] [3.57597992 0.50468254] [1.2664633  5.15540436],[0.50455097 0.00106982 0.25191923 0.17117308 0.0664326  0.0048543 ],[[1.58959752 0.17642186]  [0.17642186 1.25267925]] [[1.79244549 0.30557389]  [0.30557389 0.77288632]] [[ 0.8334773  -1.11992909]  [-1.11992909  3.42096309]] [[ 0.4013994  -0.45935767]  [-0.45935767  2.66193389]] [[ 0.80783748 -1.36514277]  [-1.36514277  6.10903617]],6,"{0: 578, 1: 0, 2: 334, 3: 52, 4: 34, 5: 2}",3,0,3
1000,14,250,3000,6,True,0.04327084882071875,0.09056857596636968,6,6,[1.58567869 1.94811765] [2.55696316 3.62147575] [3.33586563 0.65477739] [3.31604395 2.28215283] [2.29335674 1.22460975] [0.50244693 2.08587312],[0.19486642 0.19710238 0.11051367 0.11626211 0.19208133 0.1891741 ],[[ 0.05871588 -0.03130355]  [-0.03130355  2.22263679]] [[ 0.74491955 -0.11944989]  [-0.11944989  1.07846299]] [[ 0.85503328 -0.38758018]  [-0.38758018  0.66923694]] [[ 0.76885222 -0.19537364]  [-0.19537364  0.46061181]] [[ 0.20829967 -0.04752974]  [-0.04752974  1.78087293]] [[ 0.31070272 -0.05256461]  [-0.05256461  2.46794729]],6,"{0: 262, 1: 166, 2: 82, 3: 110, 4: 200, 5: 180}",5,0,4
1000,15,250,3000,6,True,0.08746049222666116,0.2759908859111924,4,4,[2.64488286 3.22932831] [0.55616385 2.05251196] [1.96151798 1.76920949] [2.73155888 1.01513302],[0.30357716 0.23072845 0.18981353 0.27374732 0.00106735 0.00106618],[[0.887345   0.03615603]  [0.03615603 1.29623506]] [[0.40152615 0.22308441]  [0.22308441 2.53979501]] [[0.22145784 0.29190878]  [0.29190878 2.35405209]] [[0.80447605 0.28837303]  [0.28837303 1.3957285 ]],6,"{0: 314, 1: 246, 2: 190, 3: 250, 4: 0, 5: 0}",2,0,1
1000,16,250,3000,6,True,0.08349986966721697,0.2427380968807386,4,4,[2.79325924 1.6247384 ] [0.57184898 1.12818434] [1.97390251 2.80231829] [2.16837988 0.56993097],[0.220527   0.00107096 0.1853578  0.4851775  0.00106851 0.10679823],[[ 1.27405491 -0.21969008]  [-0.21969008  1.63585731]] [[ 0.89317918 -0.51552903]  [-0.51552903  2.1642625 ]] [[0.98430975 0.06612007]  [0.06612007 1.81901056]] [[ 0.52501613 -0.00566445]  [-0.00566445  0.74495207]],6,"{0: 132, 1: 0, 2: 194, 3: 560, 4: 0, 5: 114}",2,0,2
1000,17,250,3000,6,True,0.11370984806878243,0.34117509623940817,6,6,[1.56088591 1.05527427] [1.46949194 2.75101003] [2.15143661 3.64122876] [2.40488955 0.43612061] [3.17493508 1.70516265] [0.09857155 2.25942675],[0.17107384 0.18284772 0.25450575 0.22907922 0.06553479 0.09695867],[[0.34600879 0.18347575]  [0.18347575 0.33419153]] [[0.5809416  0.25845908]  [0.25845908 0.31007406]] [[ 1.84658886 -0.32901644]  [-0.32901644  1.15037856]] [[0.58213812 0.20623371]  [0.20623371 1.41593986]] [[ 0.72621779 -0.51051201]  [-0.51051201  0.66378025]] [[0.62173901 0.36681162]  [0.36681162 2.41985135]],6,"{0: 208, 1: 230, 2: 246, 3: 180, 4: 72, 5: 64}",4,0,3
1000,18,250,3000,6,True,0.04727021706757014,0.15810258239356356,5,5,[1.52305752 3.36986438] [2.89948354 1.05219207] [0.84419625 1.80212725] [3.79382367 2.56047427] [1.76482036 0.99616123],[0.19725367 0.20359454 0.26352008 0.15794543 0.17661923 0.00106705],[[ 0.38434264 -0.06351632]  [-0.06351632  1.61469681]] [[ 0.26464363 -0.03556146]  [-0.03556146  1.6374091 ]] [[0.71605711 0.20708536]  [0.20708536 1.58701396]] [[ 0.7476279  -0.03995131]  [-0.03995131  2.75796033]] [[0.13678752 0.29243866]  [0.29243866 2.33024814]],6,"{0: 206, 1: 228, 2: 230, 3: 134, 4: 202, 5: 0}",5,1,4
1000,19,250,3000,6,True,0.0326197436592749,0.07512893210034234,3,3,[1.04369307 1.79273958] [2.6065326  2.58862144] [2.43689938 0.43535292],[0.42337837 0.47581058 0.00106831 0.00106725 0.00106618 0.09760931],[[ 0.78481024 -0.03311946]  [-0.03311946  2.12470473]] [[ 1.04349526 -0.26240175]  [-0.26240175  1.94591948]] [[ 0.46258468 -0.1033561 ]  [-0.1033561   0.83790298]],6,"{0: 446, 1: 474, 2: 0, 3: 0, 4: 0, 5: 80}",1,0,1
10000,0,250,3000,6,True,0.05636660141910385,0.1609795488190449,6,5,[-0.10747504  1.67063453] [2.57766717 0.96472425] [2.47321299 3.78521028] [1.06577589 2.25364255] [ 2.28982051 -0.93788943] [2.50800542 2.4481098 ],[0.06716267 0.30937133 0.16956616 0.34107435 0.00537672 0.10744877],[[ 1.7776573  -0.20851126]  [-0.20851126  1.8713856 ]] [[1.00633184 0.27272082]  [0.27272082 1.20379794]] [[0.96114798 0.07963211]  [0.07963211 0.75853177]] [[ 0.3419555  -0.1108158 ]  [-0.1108158   2.57663159]] [[ 0.49790477 -0.66190377]  [-0.66190377  5.42454557]] [[0.52049143 0.20533422]  [0.20533422 0.2711832 ]],6,"{0: 44, 1: 274, 2: 138, 3: 418, 4: 2, 5: 124}",4,0,3
10000,1,250,3000,6,True,0.22371013405814796,0.8873914043682214,3,2,[1.93174134 0.96577622] [0.35926231 4.54567661] [1.92393125 2.93266353],[0.00107117 0.00107106 0.48056631 0.00107204 0.00476386 0.51145556],[[ 1.32692398 -0.13463185]  [-0.13463185  1.1585853 ]] [[ 1.71033946 -2.16401284]  [-2.16401284  4.22212529]] [[ 1.24013252 -0.11702954]  [-0.11702954  1.20800415]],6,"{0: 0, 1: 0, 2: 492, 3: 0, 4: 2, 5: 506}",0,0,0
10000,2,250,3000,6,True,0.09427785644879727,0.30101460385876166,4,4,[1.14998753 2.46178526] [2.4212312  0.78090496] [3.01629026 2.89898349] [2.51091267 1.93230677],[0.00106989 0.39472105 0.34635166 0.12577206 0.00106944 0.13101591],[[0.77808827 0.35586982]  [0.35586982 2.58019741]] [[1.48654995 0.48165641]  [0.48165641 1.34330514]] [[0.76233651 0.40488101]  [0.40488101 0.79669482]] [[ 0.39104875 -0.44043727]  [-0.44043727  2.28438936]],6,"{0: 0, 1: 450, 2: 408, 3: 118, 4: 0, 5: 24}",2,0,0
10000,3,250,3000,6,True,0.007938836973533297,0.043899814719091386,3,3,[1.75104006 0.63640017] [1.26078529 1.98629834] [2.83533542 2.54326345],[0.00106962 0.00106951 0.09229164 0.45224231 0.00106919 0.45225773],[[0.45919215 0.19281834]  [0.19281834 1.65809003]] [[ 1.19134566 -0.03383585]  [-0.03383585  1.99209919]] [[ 0.98243588 -0.5076232 ]  [-0.5076232   2.29821338]],6,"{0: 0, 1: 0, 2: 30, 3: 472, 4: 0, 5: 498}",1,0,1
10000,4,250,3000,6,True,0.09621069215983172,0.2230710924765775,5,5,[1.33780525 1.67700043] [2.9368528  0.84935742] [3.21222234 2.84827893] [-0.25568171  0.93515618] [1.8054591 3.4266811],[0.34295469 0.00107008 0.24019817 0.15986328 0.05416134 0.20175244],[[ 0.44100724 -0.02851623]  [-0.02851623  1.47391018]] [[0.76545046 0.03273177]  [0.03273177 1.30373228]] [[1.00863652 0.07441789]  [0.07441789 1.69060925]] [[ 1.17442555 -0.34538754]  [-0.34538754  2.74130344]] [[ 1.17906313 -0.42427352]  [-0.42427352  0.89127932]],6,"{0: 388, 1: 0, 2: 240, 3: 124, 4: 38, 5: 210}",4,0,3
10000,5,250,3000,6,True,0.15212354085202626,0.4685854904500876,6,6,[1.45454745 2.22423859] [1.88464615 0.54943249] [2.36481336 3.33152629] [1.02788154 3.72440861] [2.95591655 1.84672943] [1.8406567  0.44469181],[0.14823649 0.30850044 0.31286649 0.07032869 0.08925863 0.07080927],[[ 1.14335698 -0.42945098]  [-0.42945098  0.39925272]] [[ 1.47841883 -0.21039678]  [-0.21039678  0.76698515]] [[0.95203082 0.04519745]  [0.04519745 1.05593871]] [[ 0.46155914 -0.37961768]  [-0.37961768  1.1267365 ]] [[1.0866307  0.1712254 ]  [0.1712254  0.28464095]] [[ 0.32146201 -0.19764297]  [-0.19764297  1.52453109]],6,"{0: 188, 1: 374, 2: 296, 3: 46, 4: 86, 5: 10}",2,1,0
10000,6,250,3000,6,True,0.029579300072253904,0.07642719793102676,3,3,[1.28125591 3.62277441] [2.95049468 3.67013955] [2.0169813  1.58483965],[0.00107016 0.00107005 0.00106994 0.13547343 0.07504073 0.78627569],[[0.47618554 0.04430228]  [0.04430228 1.03551851]] [[0.4376089  0.27324327]  [0.27324327 0.9835477 ]] [[1.69002218 0.26189997]  [0.26189997 2.06724522]],6,"{0: 0, 1: 0, 2: 0, 3: 110, 4: 52, 5: 838}",1,1,0
10000,7,250,3000,6,True,0.005102468889737747,0.025221027727046322,5,5,[0.69129548 1.31242148] [3.12975516 1.90529604] [1.94292076 1.63366642] [-0.34014466  1.52388241] [1.06299852 3.32352345],[0.2452185  0.31235998 0.34536051 0.01208492 0.08390766 0.00106843],[[0.39136741 0.03520873]  [0.03520873 1.72717762]] [[ 0.49679892 -0.13281335]  [-0.13281335  2.44012921]] [[ 0.12705425 -0.05712975]  [-0.05712975  2.16380041]] [[2.10900806 0.23014226]  [0.23014226 1.10986896]] [[ 0.71566364 -0.06366551]  [-0.06366551  0.78492342]],6,"{0: 228, 1: 282, 2: 426, 3: 6, 4: 58, 5: 0}",6,0,6
10000,8,250,3000,6,True,0.13281444382307409,0.5552032016173716,3,3,[2.2508155  0.97124581] [1.57172496 3.63637902] [1.92400816 2.39685896],[0.00107069 0.00107144 0.51952615 0.32085338 0.15640821 0.00107013],[[1.4895183  0.18174311]  [0.18174311 1.32452722]] [[1.21034631 0.19875048]  [0.19875048 1.06496412]] [[1.76200355 0.60668046]  [0.60668046 0.44035234]],6,"{0: 0, 1: 0, 2: 496, 3: 314, 4: 190, 5: 0}",0,0,0
10000,9,250,3000,6,True,0.08171690863422948,0.3185756214666558,6,5,[0.90863721 3.59626827] [ 0.39528664 -0.44764308] [1.6924768  3.11684755] [3.22421572 2.13243701] [2.00141426 1.46860298] [1.73248875 0.18944073],[0.16043539 0.0101748  0.25472288 0.18406556 0.21247341 0.17812796],[[0.66877116 0.05041186]  [0.05041186 1.4602313 ]] [[1.60147476 1.29791587]  [1.29791587 3.53674254]] [[1.10712675 0.4141029 ]  [0.4141029  0.68848427]] [[ 0.37471196 -0.19919761]  [-0.19919761  3.06761996]] [[0.89073335 0.13348356]  [0.13348356 0.27490027]] [[ 1.45538541 -0.32112623]  [-0.32112623  0.80116408]],6,"{0: 100, 1: 4, 2: 308, 3: 184, 4: 246, 5: 158}",4,2,1
10000,10,250,3000,6,True,0.07126304868223525,0.16218597083007721,5,5,[2.16736838 0.45014592] [2.49306446 2.96304222] [1.8216146 1.8747431] [0.57435127 1.98515594] [-0.33045051  1.47365274],[0.20225323 0.32529982 0.23975853 0.18407485 0.04754427 0.0010693 ],[[1.19071467 0.25828919]  [0.25828919 1.13111086]] [[ 0.83921696 -0.39945705]  [-0.39945705  1.64711058]] [[ 0.15419582 -0.17446774]  [-0.17446774  2.01506059]] [[ 0.32542691 -0.17587278]  [-0.17587278  2.2520611 ]] [[1.34645324 0.15071874]  [0.15071874 1.53068087]],6,"{0: 188, 1: 314, 2: 270, 3: 202, 4: 26, 5: 0}",4,0,3
10000,11,250,3000,6,True,0.047224116680949106,0.1413391658528442,5,5,[1.53792679 1.16626136] [2.55951712 1.34207855] [3.2616294  2.40034727] [0.36211514 1.48665422] [1.70301185 3.33391342],[0.22226858 0.23598448 0.20418683 0.09432756 0.24216419 0.00106836],[[ 0.12647025 -0.04988195]  [-0.04988195  1.76992249]] [[ 0.11051169 -0.0577856 ]  [-0.0577856   1.52113107]] [[ 0.41695722 -0.40648908]  [-0.40648908  3.16992128]] [[0.55985911 0.18441677]  [0.18441677 1.12360643]] [[ 1.66264858 -0.02202837]  [-0.02202837  0.98893669]],6,"{0: 240, 1: 278, 2: 208, 3: 70, 4: 204, 5: 0}",5,0,3
10000,12,250,3000,6,True,0.10494511532771192,0.4302004668216377,5,5,[0.8198254  3.00658418] [2.22970281 0.63138785] [2.63930721 3.06560509] [1.43595855 2.8519478 ] [1.42592838 1.163223  ],[0.15571157 0.00106962 0.34133519 0.31969092 0.09487687 0.08731582],[[1.21953695 0.11112938]  [0.11112938 2.23829892]] [[1.17865765 0.24779505]  [0.24779505 1.40956345]] [[ 0.408364   -0.07642735]  [-0.07642735  1.43187356]] [[ 0.28166244 -0.15073096]  [-0.15073096  0.40486386]] [[ 0.29444899 -0.01147565]  [-0.01147565  0.35862562]],6,"{0: 102, 1: 0, 2: 354, 3: 342, 4: 114, 5: 88}",3,2,1
10000,13,250,3000,6,True,0.15874487356725742,0.5518504911459491,5,4,[2.18494108 2.90723728] [2.06289728 0.91482777] [1.25296091 1.41873862] [3.56001181 0.60343376] [1.27175991 5.14646166],[0.48551534 0.00106966 0.25757909 0.17957067 0.07137751 0.00488774],[[1.58443534 0.18077935]  [0.18077935 1.22313192]] [[1.79584953 0.31637343]  [0.31637343 0.79553432]] [[ 0.83661683 -1.09820936]  [-1.09820936  3.36816962]] [[ 0.40636494 -0.47102577]  [-0.47102577  2.71400073]] [[ 0.80929321 -1.36454059]  [-1.36454059  6.10372681]],6,"{0: 566, 1: 0, 2: 334, 3: 60, 4: 38, 5: 2}",3,0,3
10000,14,250,3000,6,True,0.00880858548869739,0.012689060250077643,5,5,[1.58330417 2.10283955] [3.21621199 0.49783998] [3.30897822 2.57570953] [2.3329939  1.94224144] [0.52957887 2.18240583],[0.22211315 0.00106907 0.07959785 0.23527059 0.26018627 0.20176306],[[ 0.05686339 -0.03838313]  [-0.03838313  2.36786961]] [[ 1.01572477 -0.39731144]  [-0.39731144  0.62877891]] [[ 0.62529387 -0.317042  ]  [-0.317042    1.62532227]] [[ 1.76229831e-01 -1.52041131e-03]  [-1.52041131e-03  2.62910604e+00]] [[ 0.31610567 -0.01830447]  [-0.01830447  2.54342015]],6,"{0: 276, 1: 0, 2: 58, 3: 200, 4: 286, 5: 180}",5,0,1
10000,15,250,3000,6,True,0.078935659034852,0.23583804005249248,4,4,[2.62597957 3.31787953] [0.5599263  2.06659842] [1.96535667 1.80815375] [2.74650397 1.11798702],[0.27262746 0.23206233 0.19061921 0.30255207 0.00106952 0.0010694 ],[[0.87469321 0.05956869]  [0.05956869 1.22664333]] [[0.40305643 0.22809195]  [0.22809195 2.54677545]] [[0.22095666 0.29611567]  [0.29611567 2.36432411]] [[0.81682141 0.30979778]  [0.30979778 1.48827149]],6,"{0: 288, 1: 246, 2: 196, 3: 270, 4: 0, 5: 0}",3,0,1
10000,16,250,3000,6,True,0.012637106506323636,0.03622569968318287,3,3,[0.4502614  1.13555899] [2.04667558 2.39532444] [2.38710429 0.51616044],[0.00106973 0.00106962 0.11172757 0.74611232 0.00106929 0.13895148],[[ 0.97470348 -0.67036933]  [-0.67036933  2.31113524]] [[ 1.17763298e+00 -1.27755298e-03]  [-1.27755298e-03  2.07370863e+00]] [[1.58261686 0.06452901]  [0.06452901 0.82112036]],6,"{0: 0, 1: 0, 2: 94, 3: 844, 4: 0, 5: 62}",1,0,1
10000,17,250,3000,6,True,0.10979859341021293,0.33337348429137664,6,6,[1.56046558 1.05579818] [1.47465755 2.75559259] [2.17011541 3.65116272] [2.40358701 0.44656837] [3.15540081 1.72865558] [0.12262101 2.29106009],[0.16892681 0.18156061 0.24880827 0.23120328 0.06724257 0.10225846],[[0.33865515 0.18009956]  [0.18009956 0.33195656]] [[0.57345565 0.25573783]  [0.25573783 0.30882294]] [[ 1.84331187 -0.33250582]  [-0.33250582  1.14242313]] [[0.58274772 0.20506362]  [0.20506362 1.42317846]] [[ 0.73667204 -0.5245075 ]  [-0.5245075   0.67834773]] [[0.62802983 0.36738126]  [0.36738126 2.42689117]],6,"{0: 204, 1: 230, 2: 240, 3: 182, 4: 74, 5: 70}",4,0,3
10000,18,250,3000,6,True,0.0909543275764876,0.39612592079475123,5,5,[1.65916669 3.29864752] [0.76984013 2.29945131] [3.71576839 2.54258268] [2.29224761 0.67025729] [1.77783755 1.6456565 ],[0.23075117 0.00107011 0.17281877 0.14188127 0.3400197  0.11345897],[[ 0.38866099 -0.12327917]  [-0.12327917  1.56188508]] [[0.70332998 0.19322946]  [0.19322946 1.25010351]] [[0.83916254 0.02931346]  [0.02931346 2.98333734]] [[0.87882268 0.1936764 ]  [0.1936764  1.47744905]] [[1.48605407 1.05689985]  [1.05689985 1.28386939]],6,"{0: 264, 1: 0, 2: 152, 3: 138, 4: 408, 5: 38}",5,2,0
10000,19,250,3000,6,True,0.12191338043473444,0.48403220172017253,3,3,[0.71153078 1.29858686] [1.95297811 2.87209572] [2.29355245 0.80256392],[0.10865367 0.00106953 0.00106943 0.56962114 0.0010692  0.31851704],[[0.51070674 0.10044511]  [0.10044511 1.49831452]] [[1.40472524 0.05074097]  [0.05074097 1.49503911]] [[1.22090501 0.10821945]  [0.10821945 1.16958156]],6,"{0: 72, 1: 0, 2: 0, 3: 626, 4: 0, 5: 302}",1,0,1
100000,0,250,3000,6,True,0.05636660141910385,0.1609795488190449,6,5,[-0.11345147  1.67155576] [2.57870369 0.96308544] [2.47454114 3.7869913 ] [1.06629557 2.2530093 ] [ 2.28991433 -0.93680319] [2.5092873  2.44854778],[0.06685774 0.30876972 0.16913735 0.34192786 0.00538772 0.10791961],[[ 1.77284829 -0.2074948 ]  [-0.2074948   1.87090327]] [[1.00584424 0.27277825]  [0.27277825 1.20152857]] [[0.96021495 0.08002703]  [0.08002703 0.75664897]] [[ 0.34257761 -0.11054248]  [-0.11054248  2.57694772]] [[ 0.49776616 -0.66140015]  [-0.66140015  5.42147286]] [[0.52110885 0.20493284]  [0.20493284 0.27106301]],6,"{0: 44, 1: 274, 2: 138, 3: 418, 4: 2, 5: 124}",4,0,3
100000,1,250,3000,6,True,0.2209763576159483,0.8649049189136281,3,2,[1.93180494 0.95575141] [0.35793027 4.54388883] [1.92391849 2.92073853],[0.00107081 0.0010708  0.47492963 0.00107142 0.00474728 0.51711006],[[ 1.32810327 -0.13485363]  [-0.13485363  1.15292074]] [[ 1.71150471 -2.16791923]  [-2.16791923  4.22502327]] [[ 1.24002522 -0.11710411]  [-0.11710411  1.21811368]],6,"{0: 0, 1: 0, 2: 486, 3: 0, 4: 2, 5: 512}",0,0,0
100000,2,250,3000,6,True,0.09185499519701007,0.29486160645249565,4,4,[1.1481364  2.45847981] [2.41993034 0.78730701] [3.02926818 2.91023781] [2.50700678 1.94721637],[0.00106968 0.39357818 0.34740949 0.12320055 0.00106963 0.13367248],[[0.77705606 0.35439756]  [0.35439756 2.58097837]] [[1.48724051 0.48046067]  [0.48046067 1.35011786]] [[0.75525533 0.40171267]  [0.40171267 0.79278045]] [[ 0.39298028 -0.441428  ]  [-0.441428    2.28705748]],6,"{0: 0, 1: 450, 2: 406, 3: 110, 4: 0, 5: 34}",2,0,0
100000,3,250,3000,6,True,0.008884090108806779,0.04676434731303084,3,3,[1.74862322 0.63370864] [1.25372533 1.9779489 ] [2.82920823 2.54385958],[0.00106926 0.00106925 0.09127107 0.44897419 0.00106921 0.45654702],[[0.45709555 0.19183028]  [0.19183028 1.65961854]] [[ 1.1866396  -0.0385651 ]  [-0.0385651   1.99042765]] [[ 0.98498875 -0.50544391]  [-0.50544391  2.2949249 ]],6,"{0: 0, 1: 0, 2: 22, 3: 478, 4: 0, 5: 500}",1,0,1
100000,4,250,3000,6,True,0.09805297669998979,0.23085530518258024,5,5,[1.33384864 1.66477134] [2.92986911 0.84304548] [3.21852945 2.83297217] [-0.25018472  0.93769943] [1.80194592 3.4181531 ],[0.33787735 0.00106997 0.23910949 0.16136731 0.05456057 0.2060153 ],[[ 0.43745066 -0.0305289 ]  [-0.0305289   1.4577028 ]] [[0.76684436 0.02951951]  [0.02951951 1.29838349]] [[1.00355611 0.07443296]  [0.07443296 1.70137861]] [[ 1.17743341 -0.34765946]  [-0.34765946  2.75213428]] [[ 1.16156943 -0.4163487 ]  [-0.4163487   0.89604088]],6,"{0: 382, 1: 0, 2: 240, 3: 124, 4: 38, 5: 216}",4,0,3
100000,5,250,3000,6,True,0.1509834217944514,0.4658444329516561,6,6,[1.45124596 2.22567765] [1.88568063 0.54937827] [2.36427474 3.33107195] [1.02799215 3.72442438] [2.95371106 1.84579143] [1.83688214 0.45206649],[0.14746956 0.30580208 0.31296615 0.07035281 0.08981434 0.07359506],[[ 1.14275352 -0.42928039]  [-0.42928039  0.39900415]] [[ 1.48660198 -0.21071071]  [-0.21071071  0.76471437]] [[0.95207243 0.04590635]  [0.04590635 1.05608345]] [[ 0.4617307  -0.3796367 ]  [-0.3796367   1.12707568]] [[1.08511628 0.17097609]  [0.17097609 0.28438867]] [[ 0.32888481 -0.19989673]  [-0.19989673  1.51345056]],6,"{0: 188, 1: 372, 2: 296, 3: 46, 4: 88, 5: 10}",2,1,0
100000,6,250,3000,6,True,0.029579300072253904,0.07642719793102676,3,3,[1.28087087 3.6245977 ] [2.95054051 3.67252186] [2.01689397 1.58650871],[0.00106971 0.0010697  0.00106969 0.1349119  0.07473424 0.78714476],[[0.47540247 0.04393153]  [0.04393153 1.0342561 ]] [[0.43783815 0.27316506]  [0.27316506 0.98147954]] [[1.68942018 0.26168379]  [0.26168379 2.06884779]],6,"{0: 0, 1: 0, 2: 0, 3: 110, 4: 52, 5: 838}",1,1,0
100000,7,250,3000,6,True,0.005394823661892397,0.025617721194403024,5,5,[0.69201393 1.30185635] [3.13023875 1.90456596] [1.94333373 1.63150119] [-0.33841424  1.52250937] [1.05970976 3.31847861],[0.24373294 0.31218679 0.3448921  0.01207575 0.08604262 0.0010698 ],[[0.39132256 0.03600042]  [0.03600042 1.71467809]] [[ 0.49645751 -0.13238705]  [-0.13238705  2.43974403]] [[ 0.12687439 -0.05665472]  [-0.05665472  2.16104344]] [[2.110877   0.23110615]  [0.23110615 1.10913332]] [[ 0.71546393 -0.05739109]  [-0.05739109  0.79044851]],6,"{0: 226, 1: 282, 2: 428, 3: 6, 4: 58, 5: 0}",6,0,6
100000,8,250,3000,6,True,0.13281444382307409,0.5552032016173716,3,3,[2.25103496 0.96976442] [1.57177432 3.63638761] [1.92436664 2.39670184],[0.00107044 0.00107266 0.5190022  0.32093165 0.15685265 0.00107038],[[1.48951546 0.18195454]  [0.18195454 1.32289632]] [[1.21042202 0.19873295]  [0.19873295 1.06480429]] [[1.76113127 0.60609822]  [0.60609822 0.4403244 ]],6,"{0: 0, 1: 0, 2: 496, 3: 314, 4: 190, 5: 0}",0,0,0
100000,9,250,3000,6,True,0.08171690863422948,0.3185756214666558,6,5,[0.90842792 3.60742104] [ 0.39485102 -0.44846605] [1.68719633 3.11603045] [3.22411805 2.13503365] [2.0000871  1.46899371] [1.73189783 0.19093502],[0.15843757 0.01016072 0.25600895 0.18417537 0.21270256 0.17851483],[[0.66751813 0.04866942]  [0.04866942 1.45394399]] [[1.6013943  1.29863067]  [1.29863067 3.53762792]] [[1.10806755 0.41222144]  [0.41222144 0.68721206]] [[ 0.37483448 -0.19909878]  [-0.19909878  3.06962027]] [[0.89124353 0.13310954]  [0.13310954 0.27490992]] [[ 1.45591377 -0.32145737]  [-0.32145737  0.80228553]],6,"{0: 100, 1: 4, 2: 308, 3: 184, 4: 246, 5: 158}",4,2,1
100000,10,250,3000,6,True,0.06793998822335302,0.1564193602256241,5,5,[2.16872387 0.44372237] [2.49693573 2.95760021] [1.82217423 1.87286431] [0.57511447 1.98087429] [-0.32901847  1.47156017],[0.19947742 0.32569424 0.241231   0.18485321 0.04767447 0.00106965],[[1.18724003 0.25774754]  [0.25774754 1.12588133]] [[ 0.83914658 -0.40160653]  [-0.40160653  1.65318788]] [[ 0.15490325 -0.1746839 ]  [-0.1746839   2.01820707]] [[ 0.32541482 -0.17612539]  [-0.17612539  2.25827739]] [[1.34685354 0.15002718]  [0.15002718 1.53253047]],6,"{0: 182, 1: 316, 2: 274, 3: 202, 4: 26, 5: 0}",4,0,3
100000,11,250,3000,6,True,0.04919182365725889,0.14489619412547022,5,5,[1.53802286 1.16255614] [2.55967878 1.33988885] [3.26172829 2.39975962] [0.36303997 1.47886276] [1.70204475 3.32966871],[0.22161933 0.23561758 0.20391804 0.09382341 0.24395296 0.00106868],[[ 0.12645793 -0.0499834 ]  [-0.0499834   1.76687601]] [[ 0.11051371 -0.05764952]  [-0.05764952  1.5189346 ]] [[ 0.41697327 -0.406826  ]  [-0.406826    3.17157775]] [[0.56112747 0.18454118]  [0.18454118 1.11600203]] [[ 1.66042609 -0.02065425]  [-0.02065425  0.99138104]],6,"{0: 240, 1: 276, 2: 206, 3: 70, 4: 208, 5: 0}",5,0,3
100000,12,250,3000,6,True,0.10494511532771192,0.4302004668216377,5,5,[0.81045157 3.00810465] [2.22990191 0.62980878] [2.63852692 3.06620412] [1.43591343 2.85139005] [1.42593275 1.16289914],[0.15425682 0.00106947 0.34085748 0.32064297 0.09535432 0.08781895],[[1.21466749 0.113394  ]  [0.113394   2.24124655]] [[1.17861045 0.24803187]  [0.24803187 1.40879375]] [[ 0.40954245 -0.07737892]  [-0.07737892  1.43226134]] [[ 0.28267773 -0.15162814]  [-0.15162814  0.40586312]] [[ 0.29550274 -0.01204787]  [-0.01204787  0.35833378]],6,"{0: 102, 1: 0, 2: 354, 3: 342, 4: 114, 5: 88}",3,2,1
100000,13,250,3000,6,True,0.15769363718842297,0.555372753107794,5,4,[2.185863  2.9125329] [2.06249189 0.92031749] [1.25415234 1.42135583] [3.55653107 0.62192532] [1.27259148 5.14524685],[0.48229619 0.00106964 0.25823986 0.18119353 0.0723106  0.00489018],[[1.5835327  0.18147599]  [0.18147599 1.21851529]] [[1.7970402  0.3183562 ]  [0.3183562  0.79921371]] [[ 0.83725383 -1.09406532]  [-1.09406532  3.35820224]] [[ 0.40762172 -0.47404887]  [-0.47404887  2.72485676]] [[ 0.80954918 -1.3646213 ]  [-1.3646213   6.10364815]],6,"{0: 564, 1: 0, 2: 334, 3: 62, 4: 38, 5: 2}",3,0,3
100000,14,250,3000,6,True,0.007920148645743547,0.014803974373436772,5,5,[1.58260013 2.09172527] [3.22022217 0.49945237] [3.27064321 2.6029594 ] [2.32629675 1.89329914] [0.52895718 2.17855823],[0.21957384 0.00106946 0.07780893 0.24587092 0.25413413 0.20154273],[[ 0.05673631 -0.03831732]  [-0.03831732  2.35856298]] [[ 1.00359498 -0.40098613]  [-0.40098613  0.63040056]] [[ 0.65531867 -0.34799684]  [-0.34799684  1.6665284 ]] [[ 0.17769347 -0.0081019 ]  [-0.0081019   2.5927671 ]] [[ 0.31604699 -0.01993024]  [-0.01993024  2.53937283]],6,"{0: 276, 1: 0, 2: 58, 3: 208, 4: 278, 5: 180}",5,0,1
100000,15,250,3000,6,True,0.07834602453754203,0.22201005747187927,4,4,[2.62292918 3.33116427] [0.56052296 2.06853669] [1.96584175 1.81342761] [2.74897058 1.13328865],[0.26799749 0.23229801 0.19086368 0.30670129 0.00106977 0.00106976],[[0.87246043 0.06289067]  [0.06289067 1.21678087]] [[0.40328372 0.22878913]  [0.22878913 2.54780874]] [[0.22092847 0.29665064]  [0.29665064 2.36529748]] [[0.81797593 0.31284298]  [0.31284298 1.50264321]],6,"{0: 280, 1: 246, 2: 198, 3: 276, 4: 0, 5: 0}",3,0,1
100000,16,250,3000,6,True,0.013199057864477337,0.03759686730356504,3,3,[0.44918526 1.13619191] [2.04538608 2.40121296] [2.3834711  0.51997256],[0.00106943 0.00106942 0.11133847 0.74357037 0.00106939 0.14188292],[[ 0.97527855 -0.67236194]  [-0.67236194  2.31382808]] [[ 1.17704431e+00 -1.36974981e-04]  [-1.36974981e-04  2.06715077e+00]] [[1.58059357 0.06710529]  [0.06710529 0.82689054]],6,"{0: 0, 1: 0, 2: 94, 3: 842, 4: 0, 5: 64}",1,0,1
100000,17,250,3000,6,True,0.109279677629602,0.3318355910814786,6,6,[1.56046461 1.05587027] [1.4754985  2.75621767] [2.17220964 3.65208225] [2.40327889 0.44767522] [3.15352104 1.73086838] [0.12616882 2.29445876],[0.16861995 0.18137646 0.24817675 0.23144567 0.06743538 0.10294579],[[0.33773406 0.17967629]  [0.17967629 0.33164054]] [[0.57275937 0.2554312 ]  [0.2554312  0.30864385]] [[ 1.8431121  -0.33288051]  [-0.33288051  1.14169136]] [[0.58277529 0.20477301]  [0.20477301 1.42383674]] [[ 0.73752333 -0.52569875]  [-0.52569875  0.67961332]] [[0.62937084 0.36762888]  [0.36762888 2.42731665]],6,"{0: 202, 1: 230, 2: 240, 3: 182, 4: 74, 5: 72}",4,0,3
100000,18,250,3000,6,True,0.08922202196189842,0.38358713599729055,5,5,[1.66030607 3.32337863] [0.78411316 2.32677247] [3.72857727 2.55510338] [2.29957564 0.65323383] [1.7852038 1.6540374],[0.22611595 0.00106993 0.17379967 0.13870545 0.337576   0.12273301],[[ 0.38747692 -0.12515328]  [-0.12515328  1.54389929]] [[0.70807648 0.19290369]  [0.19290369 1.21967543]] [[0.83533182 0.01990144]  [0.01990144 2.99633686]] [[0.87924224 0.19667188]  [0.19667188 1.45880913]] [[1.47972737 1.04565185]  [1.04565185 1.27325894]],6,"{0: 262, 1: 0, 2: 146, 3: 136, 4: 396, 5: 60}",5,2,0
100000,19,250,3000,6,True,0.17197886691146796,0.7400510739446154,3,3,[0.69933235 1.41048486] [1.90272863 3.09444971] [2.24231053 1.04716054],[0.1016619  0.00106935 0.00106934 0.46497942 0.00106932 0.43015066],[[0.49934931 0.13405822]  [0.13405822 1.45968253]] [[1.40541707 0.0935839 ]  [0.0935839  1.32745541]] [[1.27317076 0.1179928 ]  [0.1179928  1.35280922]],6,"{0: 58, 1: 0, 2: 0, 3: 504, 4: 0, 5: 438}",1,0,1
